taxon_name,Family,Genus,Species with author,maximum_height_metres,dispersal_syndrome,growth_habit,life_history,photosynthetic_pathway,fire_response,water_association,status,log_height
Parsonsia straminea,Apocynaceae,Parsonsia,Parsonsia straminea (R.Br.) F.Muell.,30,anemochory,climber_woody,perennial,c3,resprouting_possible,no,extinct,3.401197382
Arthropodium minus,Asparagaceae,Arthropodium,Arthropodium minus R.Br.,0.5,barochory,herb,perennial,c3,resprouting_possible,no,extinct,-0.693147181
Arthropodium strictum,Asparagaceae,Arthropodium,Arthropodium strictum R.Br.,1.2,barochory,herb,perennial,c3,resprouting_possible,no,extinct,0.182321557
Lomandra fluviatilis,Asparagaceae,Lomandra,Lomandra fluviatilis (R.Br.) A.T.Lee,0.75,mixed,herb,perennial,c3,resprouting_possible,yes,extinct,-0.287682072
Brachyscome graminea,Asteraceae,Brachyscome,Brachyscome graminea (Labill.) F.Muell.,0.7,zoochory,herb,perennial,c3,resprouting_possible,no,extinct,-0.356674944
Coronidium scorpioides,Asteraceae,Coronidium,Coronidium scorpioides (Labill.) Paul G.Wilson,0.901,anemochory,herb,perennial,c3,resprouting_possible,no,extinct,-0.104250021
Picris angustifolia,Asteraceae,Picris,Picris angustifolia DC.,1.4,anemochory,herb,perennial,c3,fire_killed,no,extinct,0.336472237
Senecio bathurstianus,Asteraceae,Senecio,Senecio bathurstianus (DC.) Sch.Bip.,1.5,anemochory,herb,annual,c3,fire_killed,no,extinct,0.405465108
Senecio linearifolius,Asteraceae,Senecio,Senecio linearifolius A.Rich.,2,anemochory,subshrub,perennial,c3,fire_killed,no,extinct,0.693147181
Senecio quadridentatus,Asteraceae,Senecio,Senecio quadridentatus Labill.,1.5,anemochory,herb,perennial,c3,fire_killed,no,extinct,0.405465108
Sphaeromorphaea australis,Asteraceae,Sphaeromorphaea,Sphaeromorphaea australis (Less.) Kitam.,0.3,epizoochory,herb,perennial,c3,fire_killed,no,extinct,-1.203972804
Vittadinia muelleri,Asteraceae,Vittadinia,Vittadinia muelleri N.T.Burb.,0.3,anemochory,herb,perennial,c3,resprouting_possible,no,extinct,-1.203972804
Cardamine lilacina,Brassicaceae,Cardamine,Cardamine lilacina Hook.,0.5,epizoochory,herb,perennial,c3,resprouting_possible,no,extinct,-0.693147181
Isotoma fluviatilis,Campanulaceae,Isotoma,Isotoma fluviatilis (R.Br.) F.Muell. ex Benth.,0.1,zoochory,herb,perennial,c3,resprouting_possible,yes,extinct,-2.302585093
Wahlenbergia capillaris,Campanulaceae,Wahlenbergia,Wahlenbergia capillaris (G.Lodd.) G.Don,0.75,mixed,herb,perennial,c3,resprouting_possible,no,extinct,-0.287682072
Wahlenbergia stricta,Campanulaceae,Wahlenbergia,Wahlenbergia stricta (R.Br.) Sweet,0.9,barochory,herb,perennial,c3,resprouting_possible,no,extinct,-0.105360516
Allocasuarina torulosa,Casuarinaceae,Allocasuarina,Allocasuarina torulosa (Aiton) L.A.S.Johnson,30,anemochory,tree,perennial,c3,resprouting_possible,no,extinct,3.401197382
Dysphania littoralis,Chenopodiaceae,Dysphania,Dysphania littoralis R.Br.,0.1,mixed,herb,short_lived_perennial,c3,fire_killed,no,extinct,-2.302585093
Einadia nutans,Chenopodiaceae,Einadia,Einadia nutans (R.Br.) A.J.Scott,1,endozoochory,herb,perennial,c3,fire_killed,no,extinct,0
Maireana microphylla,Chenopodiaceae,Maireana,Maireana microphylla (Moq.) Paul G.Wilson,1,anemochory,shrub,perennial,c4,fire_killed,no,extinct,0
Bolboschoenus caldwellii,Cyperaceae,Bolboschoenus,Bolboschoenus caldwellii (V.J.Cook) Soják,1.2,endozoochory,graminoid,perennial,c3,resprouting_possible,yes,extinct,0.182321557
Cyperus mirus,Cyperaceae,Cyperus,Cyperus mirus C.B.Clarke,0.55,hydrochory,graminoid,perennial,c3,NA,yes,extinct,-0.597837001
Cyperus polystachyos,Cyperaceae,Cyperus,Cyperus polystachyos Rottb.,0.6,hydrochory,graminoid,perennial,c4,resprouting_possible,yes,extinct,-0.510825624
Eleocharis acuta,Cyperaceae,Eleocharis,Eleocharis acuta R.Br.,0.9,mixed,graminoid,perennial,c3,resprouting_possible,yes,extinct,-0.105360516
Lepidosperma lineare,Cyperaceae,Lepidosperma,Lepidosperma lineare R.Br.,0.6,myrmecochory,graminoid,perennial,c3,resprouting_possible,no,extinct,-0.510825624
Astroloma humifusum,Ericaceae,Astroloma,Astroloma humifusum (Cav.) R.Br.,0.7,endozoochory,shrub,perennial,c3,resprouting_possible,no,extinct,-0.356674944
Euphorbia drummondii,Euphorbiaceae,Euphorbia,Euphorbia drummondii Boiss.,0.3,barochory,herb,perennial,c4,fire_killed,no,extinct,-1.203972804
Acacia stricta,Fabaceae,Acacia,Acacia stricta (Andrews) Willd.,6,myrmecochory,tree,perennial,c3,resprouting_possible,no,extinct,1.791759469
Gompholobium glabratum,Fabaceae,Gompholobium,Gompholobium glabratum DC.,0.4,myrmecochory,shrub,perennial,c3,resprouting_possible,no,extinct,-0.916290732
Pultenaea retusa,Fabaceae,Pultenaea,Pultenaea retusa Sm.,1,myrmecochory,shrub,perennial,c3,fire_killed,no,extinct,0
Goodenia bellidifolia,Goodeniaceae,Goodenia,Goodenia bellidifolia Sm.,0.6,myrmecochory,herb,perennial,c3,resprouting_possible,no,extinct,-0.510825624
Goodenia ovata,Goodeniaceae,Goodenia,Goodenia ovata Sm.,2.5,myrmecochory,shrub,perennial,c3,resprouting_possible,no,extinct,0.916290732
Gonocarpus tetragynus,Haloragaceae,Gonocarpus,Gonocarpus tetragynus Labill.,0.4,barochory,subshrub,perennial,c3,resprouting_possible,no,extinct,-0.916290732
Tricoryne elatior,Hemerocallidaceae,Tricoryne,Tricoryne elatior R.Br.,0.7,barochory,herb,perennial,c3,resprouting_possible,no,extinct,-0.356674944
Tricoryne simplex,Hemerocallidaceae,Tricoryne,Tricoryne simplex R.Br.,0.3,mixed,herb,perennial,c3,resprouting_possible,no,extinct,-1.203972804
Juncus continuus,Juncaceae,Juncus,Juncus continuus L.A.S.Johnson,1.15,epizoochory,graminoid,perennial,c3,resprouting_possible,yes,extinct,0.139761942
Juncus homalocaulis,Juncaceae,Juncus,Juncus homalocaulis F.Muell. ex Benth.,0.4,mixed,graminoid,perennial,c3,resprouting_possible,no,extinct,-0.916290732
Juncus mollis,Juncaceae,Juncus,Juncus mollis L.A.S.Johnson,1.45,mixed,graminoid,perennial,c3,resprouting_possible,yes,extinct,0.371563556
Juncus polyanthemus,Juncaceae,Juncus,Juncus polyanthemus Buchenau,1.5,epizoochory,graminoid,perennial,c3,resprouting_possible,yes,extinct,0.405465108
Juncus procerus,Juncaceae,Juncus,Juncus procerus E.Mey.,2.5,mixed,graminoid,perennial,c3,resprouting_possible,yes,extinct,0.916290732
Juncus remotiflorus,Juncaceae,Juncus,Juncus remotiflorus L.A.S.Johnson,0.7,epizoochory,graminoid,perennial,c3,resprouting_possible,yes,extinct,-0.356674944
Juncus vaginatus,Juncaceae,Juncus,Juncus vaginatus R.Br.,1.7,mixed,graminoid,perennial,c3,resprouting_possible,yes,extinct,0.530628251
Cassytha glabella,Lauraceae,Cassytha,Cassytha glabella R.Br.,1,endozoochory,climber,perennial,c3,fire_killed,no,extinct,0
Mitrasacme polymorpha,Loganiaceae,Mitrasacme,Mitrasacme polymorpha R.Br.,0.3,mixed,herb,perennial,c3,resprouting_possible,no,extinct,-1.203972804
Commersonia dasyphylla,Malvaceae,Commersonia,Commersonia dasyphylla Andrews,4,zoochory,shrub,perennial,c3,fire_killed,no,extinct,1.386294361
Eucalyptus sideroxylon,Myrtaceae,Eucalyptus,Eucalyptus sideroxylon A.Cunn. ex Woolls,35,anemochory,tree,perennial,c3,resprouting_possible,no,extinct,3.555348061
Syncarpia glomulifera,Myrtaceae,Syncarpia,Syncarpia glomulifera (Sm.) Nied.,25,anemochory,tree,perennial,c3,resprouting_possible,no,extinct,3.218875825
Diuris sulphurea,Orchidaceae,Diuris,Diuris sulphurea R.Br.,0.6,anemochory,herb,perennial,c3,resprouting_possible,no,extinct,-0.510825624
Microtis,Orchidaceae,Microtis,Microtis,0.6,anemochory,herb,perennial,c3,resprouting_possible,no,extinct,-0.510825624
Thelymitra pauciflora,Orchidaceae,Thelymitra,Thelymitra pauciflora R.Br.,0.5,anemochory,herb,perennial,c3,resprouting_possible,no,extinct,-0.693147181
Billardiera scandens,Pittosporaceae,Billardiera,Billardiera scandens Sm.,3,endozoochory,climber_woody,perennial,c3,resprouting_possible,no,extinct,1.098612289
Plantago varia,Plantaginaceae,Plantago,Plantago varia R.Br.,0.2,barochory,herb,perennial,c3,resprouting_possible,no,extinct,-1.609437912
Veronica calycina,Plantaginaceae,Veronica,Veronica calycina R.Br.,0.5,barochory,herb,perennial,c3,resprouting_possible,no,extinct,-0.693147181
Amphibromus neesii,Poaceae,Amphibromus,Amphibromus neesii Steud.,1.5,epizoochory,graminoid,perennial,c3,fire_killed,yes,extinct,0.405465108
Aristida ramosa,Poaceae,Aristida,Aristida ramosa R.Br.,1.2,epizoochory,graminoid,perennial,c4,resprouting_possible,no,extinct,0.182321557
Austrostipa pubescens,Poaceae,Austrostipa,Austrostipa pubescens (R.Br.) S.W.L.Jacobs & J.Everett,1.5,epizoochory,graminoid,perennial,c3,resprouting_possible,no,extinct,0.405465108
Austrostipa scabra,Poaceae,Austrostipa,Austrostipa scabra (Lindl.) S.W.L.Jacobs & J.Everett,0.95,epizoochory,graminoid,perennial,c3,resprouting_possible,no,extinct,-0.051293294
Austrostipa setacea,Poaceae,Austrostipa,Austrostipa setacea (R.Br.) S.W.L.Jacobs & J.Everett,0.8,epizoochory,graminoid,perennial,c3,resprouting_possible,no,extinct,-0.223143551
Bothriochloa decipiens,Poaceae,Bothriochloa,Bothriochloa decipiens (Hack.) C.E.Hubb.,2,mixed,graminoid,perennial,c4,resprouting_possible,no,extinct,0.693147181
Deyeuxia quadriseta,Poaceae,Deyeuxia,Deyeuxia quadriseta (Labill.) Benth.,1.5,epizoochory,graminoid,perennial,c3,resprouting_possible,yes,extinct,0.405465108
Dichelachne rara,Poaceae,Dichelachne,Dichelachne rara (R.Br.) Vickery,1.3,epizoochory,graminoid,perennial,c3,resprouting_possible,no,extinct,0.262364264
Digitaria ramularis,Poaceae,Digitaria,Digitaria ramularis (Trin.) Henrard,1,anemochory,graminoid,perennial,c4,resprouting_possible,no,extinct,0
Echinochloa telmatophila,Poaceae,Echinochloa,Echinochloa telmatophila P.W.Michael & Vickery,2,anemochory,graminoid,annual,c4,fire_killed,yes,extinct,0.693147181
Eragrostis benthamii,Poaceae,Eragrostis,Eragrostis benthamii Mattei,0.6,mixed,graminoid,perennial,c4,NA,no,extinct,-0.510825624
Eragrostis elongata,Poaceae,Eragrostis,Eragrostis elongata (Willd.) J.Jacq.,0.9,mixed,graminoid,perennial,c4,fire_killed,no,extinct,-0.105360516
Eragrostis parviflora,Poaceae,Eragrostis,Eragrostis parviflora (R.Br.) Trin.,1.35,barochory,graminoid,perennial,c4,fire_killed,no,extinct,0.300104592
Lachnagrostis aemula,Poaceae,Lachnagrostis,Lachnagrostis aemula (R.Br.) Trin.,0.8,mixed,graminoid,perennial,c3,resprouting_possible,no,extinct,-0.223143551
Panicum effusum,Poaceae,Panicum,Panicum effusum R.Br.,1,anemochory,graminoid,perennial,c4,resprouting_possible,no,extinct,0
Paspalidium aversum,Poaceae,Paspalidium,Paspalidium aversum Vickery,0.9,mixed,graminoid,perennial,c4,resprouting_possible,yes,extinct,-0.105360516
Paspalum vaginatum,Poaceae,Paspalum,Paspalum vaginatum Sw.,0.6,epizoochory,graminoid,perennial,c4,resprouting_possible,yes,extinct,-0.510825624
Poa affinis,Poaceae,Poa,Poa affinis R.Br.,1.2,epizoochory,graminoid,perennial,c3,resprouting_possible,no,extinct,0.182321557
Poa labillardierei,Poaceae,Poa,Poa labillardierei Steud.,1.3,epizoochory,graminoid,perennial,c3,resprouting_possible,yes,extinct,0.262364264
Rytidosperma bipartitum,Poaceae,Rytidosperma,Rytidosperma bipartitum (Link) A.M.Humphreys & H.P.Linder,0.8,epizoochory,graminoid,perennial,c3,resprouting_possible,no,extinct,-0.223143551
Rytidosperma longifolium,Poaceae,Rytidosperma,Rytidosperma longifolium (R.Br.) Connor & Edgar,0.8,epizoochory,graminoid,perennial,c3,resprouting_possible,no,extinct,-0.223143551
Rytidosperma racemosum,Poaceae,Rytidosperma,Rytidosperma racemosum (R.Br.) Connor & Edgar,0.75,epizoochory,graminoid,perennial,c3,resprouting_possible,no,extinct,-0.287682072
Sporobolus elongatus,Poaceae,Sporobolus,Sporobolus elongatus R.Br.,1,mixed,graminoid,perennial,c4,resprouting_possible,no,extinct,0
Urochloa foliosa,Poaceae,Urochloa,Urochloa foliosa (R.Br.) R.D.Webster,0.9,anemochory,graminoid,perennial,c4,fire_killed,no,extinct,-0.105360516
Polygala japonica,Polygalaceae,Polygala,Polygala japonica Houtt.,0.25,mixed,subshrub,perennial,c3,resprouting_possible,no,extinct,-1.386294361
Ranunculus lappaceus,Ranunculaceae,Ranunculus,Ranunculus lappaceus Sm.,1.7,mixed,herb,perennial,c3,resprouting_possible,no,extinct,0.530628251
Pomaderris lanigera,Rhamnaceae,Pomaderris,Pomaderris lanigera (Andrews) Sims,5,myrmecochory,tree,perennial,c3,resprouting_possible,no,extinct,1.609437912
Opercularia aspera,Rubiaceae,Opercularia,Opercularia aspera Gaertn.,2,myrmecochory,subshrub,perennial,c3,resprouting_possible,no,extinct,0.693147181
Asterolasia correifolia,Rutaceae,Asterolasia,Asterolasia correifolia (A.Juss.) Benth.,2.5,myrmecochory,shrub,perennial,c3,fire_killed,no,extinct,0.916290732
Exocarpos strictus,Santalaceae,Exocarpos,Exocarpos strictus R.Br.,6,endozoochory,shrub,perennial,c3,resprouting_possible,no,extinct,1.791759469
Omphacomeria acerba,Santalaceae,Omphacomeria,Omphacomeria acerba (R.Br.) A.DC.,1.5,endozoochory,shrub,perennial,c3,resprouting_possible,no,extinct,0.405465108
Typha domingensis,Typhaceae,Typha,Typha domingensis Pers.,4,anemochory,graminoid,perennial,c3,resprouting_possible,yes,extinct,1.386294361
Viola betonicifolia,Violaceae,Viola,Viola betonicifolia Sm.,0.2,myrmecochory,herb,perennial,c3,resprouting_possible,no,extinct,-1.609437912
Acacia binervia,Fabaceae,Acacia,Acacia binervia (J.C.Wendl.) J.F.Macbr.,16,zoochory,tree,perennial,c3,fire_killed,no,persister,2.772588722
Acacia brownii,Fabaceae,Acacia,Acacia brownii (Poir.) Steud.,1,zoochory,shrub,perennial,c3,resprouting_possible,no,persister,0
Acacia decurrens,Fabaceae,Acacia,Acacia decurrens Willd.,15,myrmecochory,tree,perennial,c3,resprouting_possible,no,persister,2.708050201
Acacia falcata,Fabaceae,Acacia,Acacia falcata Willd.,5,zoochory,tree,perennial,c3,fire_killed,no,persister,1.609437912
Acacia longifolia,Fabaceae,Acacia,Acacia longifolia (Andrews) Willd.,10,myrmecochory,tree,perennial,c3,fire_killed,no,persister,2.302585093
Acacia parramattensis,Fabaceae,Acacia,Acacia parramattensis Tindale,15,myrmecochory,tree,perennial,c3,fire_killed,no,persister,2.708050201
Acacia pubescens,Fabaceae,Acacia,Acacia pubescens (Vent.) R.Br.,5,myrmecochory,shrub,perennial,c3,resprouting_possible,no,persister,1.609437912
Acacia ulicifolia,Fabaceae,Acacia,Acacia ulicifolia (Salisb.) Court,2.19,myrmecochory,shrub,perennial,c3,resprouting_possible,no,persister,0.783901544
Adiantum aethiopicum,Pteridaceae,Adiantum,Adiantum aethiopicum L.,0.5,anemochory,fern,perennial,c3,resprouting_possible,no,persister,-0.693147181
Alternanthera denticulata,Amaranthaceae,Alternanthera,Alternanthera denticulata R.Br.,0.9,hydrochory,herb,perennial,c3,fire_killed,yes,persister,-0.105360516
Amyema miquelii,Loranthaceae,Amyema,Amyema miquelii (Lehm. ex Miq.) Tiegh.,NA,endozoochory,shrub,perennial,c3,resprouting_possible,no,persister,NA
Angophora floribunda,Myrtaceae,Angophora,Angophora floribunda (Sm.) Sweet,30,mixed,tree,perennial,c3,resprouting_possible,no,persister,3.401197382
Anthosachne scabra,Poaceae,Anthosachne,Anthosachne scabra (R.Br.) Nevski,1.5,epizoochory,graminoid,perennial,c3,resprouting_possible,no,persister,0.405465108
Aristida vagans,Poaceae,Aristida,Aristida vagans Cav.,0.8,epizoochory,graminoid,perennial,c4,resprouting_possible,no,persister,-0.223143551
Asperula conferta,Rubiaceae,Asperula,Asperula conferta Hook.f.,0.3,barochory,herb,perennial,c3,resprouting_possible,no,persister,-1.203972804
Austrostipa rudis,Poaceae,Austrostipa,Austrostipa rudis (Spreng.) S.W.L.Jacobs & J.Everett,1.3,epizoochory,graminoid,perennial,c3,resprouting_possible,no,persister,0.262364264
Boronia polygalifolia,Rutaceae,Boronia,Boronia polygalifolia Sm.,0.6,ballistic,subshrub,perennial,c3,resprouting_possible,no,persister,-0.510825624
Bossiaea buxifolia,Fabaceae,Bossiaea,Bossiaea buxifolia A.Cunn.,1.3,myrmecochory,shrub,perennial,c3,resprouting_possible,no,persister,0.262364264
Bossiaea prostrata,Fabaceae,Bossiaea,Bossiaea prostrata R.Br.,1.5,myrmecochory,subshrub,perennial,c3,resprouting_possible,no,persister,0.405465108
Bothriochloa macra,Poaceae,Bothriochloa,Bothriochloa macra (Steud.) S.T.Blake,1,epizoochory,graminoid,perennial,c4,resprouting_possible,no,persister,0
Brachychiton populneus,Malvaceae,Brachychiton,Brachychiton populneus (Schott & Endl.) R.Br.,20,epizoochory,tree,perennial,c3,resprouting_possible,no,persister,2.995732274
Brachyscome triloba,Asteraceae,Brachyscome,Brachyscome triloba Gaudich.,0.32,zoochory,herb,perennial,c3,resprouting_possible,no,persister,-1.139434283
Breynia oblongifolia,Phyllanthaceae,Breynia,Breynia oblongifolia (Müll.Arg.) Müll.Arg.,8,myrmecochory,shrub,perennial,c3,resprouting_possible,no,persister,2.079441542
Brunoniella australis,Acanthaceae,Brunoniella,Brunoniella australis (Cav.) Bremek.,0.2,barochory,herb,perennial,c3,resprouting_possible,no,persister,-1.609437912
Brunoniella pumilio,Acanthaceae,Brunoniella,Brunoniella pumilio (R.Br.) Bremek.,0.09,barochory,herb,perennial,c3,resprouting_possible,no,persister,-2.407945609
Bursaria spinosa,Pittosporaceae,Bursaria,Bursaria spinosa Cav.,12,anemochory,tree,perennial,c3,resprouting_possible,no,persister,2.48490665
Caesia parviflora,Hemerocallidaceae,Caesia,Caesia parviflora R.Br.,0.55,myrmecochory,herb,perennial,c3,resprouting_possible,no,persister,-0.597837001
Callistemon linearifolius,Myrtaceae,Callistemon,Callistemon linearifolius (Link) DC.,4,anemochory,shrub,perennial,c3,resprouting_possible,no,persister,1.386294361
Callistemon linearis,Myrtaceae,Callistemon,Callistemon linearis (Schrad. & J.C.Wendl.) Colvill ex Sweet,5,anemochory,shrub,perennial,c3,resprouting_possible,no,persister,1.609437912
Callistemon pinifolius,Myrtaceae,Callistemon,Callistemon pinifolius (J.C.Wendl.) Sweet,4,anemochory,shrub,perennial,c3,resprouting_possible,no,persister,1.386294361
Callistemon salignus,Myrtaceae,Callistemon,Callistemon salignus (Sm.) Colvill ex Sweet,15,anemochory,tree,perennial,c3,resprouting_possible,no,persister,2.708050201
Calotis cuneifolia,Asteraceae,Calotis,Calotis cuneifolia R.Br.,0.6,epizoochory,herb,perennial,c3,resprouting_possible,no,persister,-0.510825624
Calotis lappulacea,Asteraceae,Calotis,Calotis lappulacea Benth.,0.5,epizoochory,shrub,perennial,c3,resprouting_possible,no,persister,-0.693147181
Carex inversa,Cyperaceae,Carex,Carex inversa R.Br.,0.75,endozoochory,graminoid,perennial,c3,resprouting_possible,no,persister,-0.287682072
Cassinia sifton,Asteraceae,Cassinia,Cassinia sifton Orchard,2,anemochory,shrub,perennial,c3,fire_killed,no,persister,0.693147181
Casuarina glauca,Casuarinaceae,Casuarina,Casuarina glauca Sieber ex Spreng.,20,anemochory,tree,perennial,c3,resprouting_possible,yes,persister,2.995732274
Centella asiatica,Apiaceae,Centella,Centella asiatica (L.) Urb.,0.4,barochory,herb,perennial,c3,resprouting_possible,yes,persister,-0.916290732
Centipeda minima,Asteraceae,Centipeda,Centipeda minima (L.) A.Braun & Asch.,0.2,epizoochory,herb,perennial,c3,fire_killed,yes,persister,-1.609437912
Cheilanthes sieberi,Pteridaceae,Cheilanthes,Cheilanthes sieberi Kunze,0.5,barochory,fern,perennial,c3,resprouting_possible,no,persister,-0.693147181
Chloris truncata,Poaceae,Chloris,Chloris truncata R.Br.,0.5,anemochory,graminoid,perennial,c4,resprouting_possible,no,persister,-0.693147181
Chloris ventricosa,Poaceae,Chloris,Chloris ventricosa R.Br.,1,anemochory,graminoid,perennial,c4,resprouting_possible,no,persister,0
Chorizema parviflorum,Fabaceae,Chorizema,Chorizema parviflorum Benth.,0.5,myrmecochory,shrub,perennial,c3,resprouting_possible,no,persister,-0.693147181
Chrysocephalum apiculatum,Asteraceae,Chrysocephalum,Chrysocephalum apiculatum (Labill.) Steetz,0.8,anemochory,herb,perennial,c3,resprouting_possible,no,persister,-0.223143551
Clematis aristata,Ranunculaceae,Clematis,Clematis aristata R.Br. ex Ker Gawl.,15,anemochory,climber_woody,perennial,c3,resprouting_possible,no,persister,2.708050201
Clematis glycinoides,Ranunculaceae,Clematis,Clematis glycinoides DC.,25,anemochory,climber_woody,perennial,c3,resprouting_possible,no,persister,3.218875825
Commelina cyanea,Commelinaceae,Commelina,Commelina cyanea R.Br.,0.1,barochory,herb,perennial,c3,resprouting_possible,no,persister,-2.302585093
Correa reflexa,Rutaceae,Correa,Correa reflexa (Labill.) Vent.,3,myrmecochory,shrub,perennial,c3,resprouting_possible,no,persister,1.098612289
Cotula australis,Asteraceae,Cotula,Cotula australis (Sieber ex Spreng.) Hook.f.,0.2,mixed,herb,perennial,c3,fire_killed,no,persister,-1.609437912
Crassula sieberiana,Crassulaceae,Crassula,Crassula sieberiana (Schult. & Schult.f.) Druce,0.2,anemochory,herb,perennial,cam,resprouting_possible,no,persister,-1.609437912
Cyanthillium cinereum,Asteraceae,Cyanthillium,Cyanthillium cinereum (L.) H.Rob.,1.25,anemochory,herb,annual,c3,fire_killed,no,persister,0.223143551
Cymbopogon refractus,Poaceae,Cymbopogon,Cymbopogon refractus (R.Br.) A.Camus,1.5,epizoochory,graminoid,perennial,c4,resprouting_possible,no,persister,0.405465108
Daviesia ulicifolia,Fabaceae,Daviesia,Daviesia ulicifolia Andrews,2.5,myrmecochory,shrub,perennial,c3,resprouting_possible,no,persister,0.916290732
Denhamia silvestris,Celastraceae,Denhamia,Denhamia silvestris (Lander & L.A.S.Johnson) M.P.Simmons,45,myrmecochory,shrub,perennial,c3,resprouting_possible,no,persister,3.80666249
Desmodium rhytidophyllum,Fabaceae,Desmodium,Desmodium rhytidophyllum F.Muell. ex Benth.,0.2,epizoochory,herb,perennial,c3,resprouting_possible,no,persister,-1.609437912
Desmodium varians,Fabaceae,Desmodium,Desmodium varians (Labill.) G.Don,0.5,epizoochory,herb,perennial,c3,resprouting_possible,no,persister,-0.693147181
Dianella caerulea,Hemerocallidaceae,Dianella,Dianella caerulea Sims,2,endozoochory,herb,perennial,c3,resprouting_possible,no,persister,0.693147181
Dianella longifolia,Hemerocallidaceae,Dianella,Dianella longifolia R.Br.,1.5,endozoochory,herb,perennial,c3,resprouting_possible,no,persister,0.405465108
Dianella revoluta,Hemerocallidaceae,Dianella,Dianella revoluta R.Br.,1.5,endozoochory,herb,perennial,c3,resprouting_possible,no,persister,0.405465108
Dichelachne micrantha,Poaceae,Dichelachne,Dichelachne micrantha (Cav.) Domin,1.2,epizoochory,graminoid,perennial,c3,resprouting_possible,no,persister,0.182321557
Dichondra repens,Convolvulaceae,Dichondra,Dichondra repens J.R.Forst. & G.Forst.,0.1,barochory,herb,perennial,c3,resprouting_possible,no,persister,-2.302585093
Digitaria parviflora,Poaceae,Digitaria,Digitaria parviflora (R.Br.) Hughes,1.5,anemochory,graminoid,perennial,c4,resprouting_possible,no,persister,0.405465108
Dillwynia sieberi,Fabaceae,Dillwynia,Dillwynia sieberi Steud.,2.5,myrmecochory,shrub,perennial,c3,resprouting_possible,no,persister,0.916290732
Diuris maculata,Orchidaceae,Diuris,Diuris maculata Sm.,0.3,anemochory,herb,perennial,c3,resprouting_possible,no,persister,-1.203972804
Dodonaea triquetra,Sapindaceae,Dodonaea,Dodonaea triquetra J.C.Wendl.,3.5,myrmecochory,shrub,perennial,c3,resprouting_possible,no,persister,1.252762968
Drosera peltata,Droseraceae,Drosera,Drosera peltata Thunb.,0.8,mixed,herb,perennial,c3,resprouting_possible,no,persister,-0.223143551
Echinopogon caespitosus,Poaceae,Echinopogon,Echinopogon caespitosus C.E.Hubb.,1.5,epizoochory,graminoid,perennial,c3,resprouting_possible,no,persister,0.405465108
Echinopogon ovatus,Poaceae,Echinopogon,Echinopogon ovatus (G.Forst.) P.Beauv.,1.2,epizoochory,graminoid,perennial,c3,resprouting_possible,no,persister,0.182321557
Einadia hastata,Chenopodiaceae,Einadia,Einadia hastata (R.Br.) A.J.Scott,2,endozoochory,herb,perennial,c3,fire_killed,no,persister,0.693147181
Entolasia marginata,Poaceae,Entolasia,Entolasia marginata (R.Br.) Hughes,2,mixed,graminoid,perennial,c3,resprouting_possible,no,persister,0.693147181
Entolasia stricta,Poaceae,Entolasia,Entolasia stricta (R.Br.) Hughes,1.5,mixed,graminoid,perennial,c3,resprouting_possible,no,persister,0.405465108
Epilobium billardiereanum,Onagraceae,Epilobium,Epilobium billardiereanum Ser.,1,anemochory,herb,perennial,c3,resprouting_possible,no,persister,0
Eragrostis brownii,Poaceae,Eragrostis,Eragrostis brownii (Kunth) Nees,0.6,mixed,graminoid,perennial,c4,resprouting_possible,no,persister,-0.510825624
Eragrostis leptostachya,Poaceae,Eragrostis,Eragrostis leptostachya (R.Br.) Steud.,1,mixed,graminoid,perennial,c4,resprouting_possible,no,persister,0
Eremophila debilis,Scrophulariaceae,Eremophila,Eremophila debilis (Andrews) Chinnock,2,endozoochory,shrub,perennial,c3,resprouting_possible,no,persister,0.693147181
Eriochloa pseudoacrotricha,Poaceae,Eriochloa,Eriochloa pseudoacrotricha (Stapf ex Thell.) J.M.Black,1,mixed,graminoid,perennial,c4,fire_killed,no,persister,0
Eucalyptus amplifolia,Myrtaceae,Eucalyptus,Eucalyptus amplifolia Naudin,30,barochory,tree,perennial,c3,resprouting_possible,no,persister,3.401197382
Eucalyptus eugenioides,Myrtaceae,Eucalyptus,Eucalyptus eugenioides Sieber ex Spreng.,35,mixed,tree,perennial,c3,resprouting_possible,no,persister,3.555348061
Eucalyptus fibrosa,Myrtaceae,Eucalyptus,Eucalyptus fibrosa F.Muell.,35,mixed,tree,perennial,c3,resprouting_possible,no,persister,3.555348061
Eucalyptus globoidea,Myrtaceae,Eucalyptus,Eucalyptus globoidea Blakely,40,mixed,tree,perennial,c3,resprouting_possible,no,persister,3.688879454
Eucalyptus longifolia,Myrtaceae,Eucalyptus,Eucalyptus longifolia Link,35,mixed,tree,perennial,c3,resprouting_possible,no,persister,3.555348061
Eucalyptus moluccana,Myrtaceae,Eucalyptus,Eucalyptus moluccana Roxb.,30,mixed,tree,perennial,c3,resprouting_possible,no,persister,3.401197382
Eucalyptus punctata,Myrtaceae,Eucalyptus,Eucalyptus punctata DC.,35,anemochory,tree,perennial,c3,resprouting_possible,no,persister,3.555348061
Eucalyptus resinifera,Myrtaceae,Eucalyptus,Eucalyptus resinifera J.White,45,mixed,tree,perennial,c3,resprouting_possible,no,persister,3.80666249
Eucalyptus tereticornis,Myrtaceae,Eucalyptus,Eucalyptus tereticornis Sm.,50,anemochory,tree,perennial,c3,resprouting_possible,no,persister,3.912023005
Euchiton involucratus,Asteraceae,Euchiton,Euchiton involucratus (G.Forst.) Holub,0.5,anemochory,herb,perennial,c3,fire_killed,no,persister,-0.693147181
Euchiton sphaericus,Asteraceae,Euchiton,Euchiton sphaericus (Willd.) Holub,1,anemochory,herb,annual,c3,fire_killed,no,persister,0
Eustrephus latifolius,Asparagaceae,Eustrephus,Eustrephus latifolius R.Br.,10,endozoochory,climber,perennial,c3,resprouting_possible,no,persister,2.302585093
Exocarpos cupressiformis,Santalaceae,Exocarpos,Exocarpos cupressiformis Labill.,10,endozoochory,tree,perennial,c3,resprouting_possible,no,persister,2.302585093
Gahnia aspera,Cyperaceae,Gahnia,Gahnia aspera (R.Br.) Spreng.,0.65,endozoochory,graminoid,perennial,c3,resprouting_possible,no,persister,-0.430782916
Gahnia melanocarpa,Cyperaceae,Gahnia,Gahnia melanocarpa R.Br.,2,endozoochory,graminoid,perennial,c3,resprouting_possible,no,persister,0.693147181
Geranium solanderi,Geraniaceae,Geranium,Geranium solanderi Carolin,0.5,epizoochory,herb,perennial,c3,resprouting_possible,no,persister,-0.693147181
Glochidion ferdinandi,Phyllanthaceae,Glochidion,Glochidion ferdinandi (Müll.Arg.) F.M.Bailey,35,endozoochory,tree,perennial,c3,resprouting_possible,no,persister,3.555348061
Glossocardia bidens,Asteraceae,Glossocardia,Glossocardia bidens (Retz.) Veldkamp,0.5,epizoochory,herb,perennial,c4,fire_killed,no,persister,-0.693147181
Glycine clandestina,Fabaceae,Glycine,Glycine clandestina J.C.Wendl.,2,mixed,climber,perennial,c3,resprouting_possible,no,persister,0.693147181
Glycine microphylla,Fabaceae,Glycine,Glycine microphylla (Benth.) Tindale,0.3,mixed,herb,perennial,c3,resprouting_possible,no,persister,-1.203972804
Glycine tabacina,Fabaceae,Glycine,Glycine tabacina (Labill.) Benth.,0.3,mixed,climber,perennial,c3,resprouting_possible,no,persister,-1.203972804
Goodenia hederacea,Goodeniaceae,Goodenia,Goodenia hederacea Sm.,0.8,myrmecochory,herb,perennial,c3,resprouting_possible,no,persister,-0.223143551
Goodenia paniculata,Goodeniaceae,Goodenia,Goodenia paniculata Sm.,0.5,myrmecochory,herb,perennial,c3,resprouting_possible,yes,persister,-0.693147181
Gratiola pedunculata,Plantaginaceae,Gratiola,Gratiola pedunculata R.Br.,0.5,epizoochory,herb,perennial,c3,resprouting_possible,yes,persister,-0.693147181
Hakea sericea,Proteaceae,Hakea,Hakea sericea Schrad. & J.C.Wendl.,4.5,anemochory,tree,perennial,c3,fire_killed,no,persister,1.504077397
Hardenbergia violacea,Fabaceae,Hardenbergia,Hardenbergia violacea (Schneev.) Stearn,2.5,myrmecochory,climber,perennial,c3,resprouting_possible,no,persister,0.916290732
Hibbertia aspera,Dilleniaceae,Hibbertia,Hibbertia aspera DC.,2,myrmecochory,shrub,perennial,c3,resprouting_possible,no,persister,0.693147181
Hibbertia diffusa,Dilleniaceae,Hibbertia,Hibbertia diffusa R.Br. ex DC.,0.5,zoochory,shrub,perennial,c3,resprouting_possible,no,persister,-0.693147181
Hibbertia pedunculata,Dilleniaceae,Hibbertia,Hibbertia pedunculata R.Br. ex DC.,0.4,zoochory,shrub,perennial,c3,resprouting_possible,no,persister,-0.916290732
Homalanthus populifolius,Euphorbiaceae,Homalanthus,Homalanthus populifolius Graham,12,endozoochory,tree,perennial,c3,resprouting_possible,no,persister,2.48490665
Hovea linearis,Fabaceae,Hovea,Hovea linearis (Sm.) R.Br.,1.2,myrmecochory,subshrub,perennial,c3,resprouting_possible,no,persister,0.182321557
Hydrocotyle sibthorpioides,Araliaceae,Hydrocotyle,Hydrocotyle sibthorpioides Lam.,0.15,mixed,herb,perennial,c3,resprouting_possible,yes,persister,-1.897119985
Hypericum gramineum,Hypericaceae,Hypericum,Hypericum gramineum G.Forst.,0.5,barochory,herb,perennial,c3,resprouting_possible,no,persister,-0.693147181
Hypoxis hygrometrica,Hypoxidaceae,Hypoxis,Hypoxis hygrometrica Labill.,0.2,barochory,herb,perennial,c3,resprouting_possible,no,persister,-1.609437912
Imperata cylindrica,Poaceae,Imperata,Imperata cylindrica (L.) P.Beauv.,1.5,anemochory,graminoid,perennial,c4,resprouting_possible,no,persister,0.405465108
Indigofera australis,Fabaceae,Indigofera,Indigofera australis Willd.,2.5,barochory,shrub,perennial,c3,resprouting_possible,no,persister,0.916290732
Isolepis cernua,Cyperaceae,Isolepis,Isolepis cernua (Vahl) Roem. & Schult.,0.3,epizoochory,graminoid,perennial,c3,resprouting_possible,yes,persister,-1.203972804
Jacksonia scoparia,Fabaceae,Jacksonia,Jacksonia scoparia R.Br.,12,epizoochory,tree,perennial,c3,resprouting_possible,no,persister,2.48490665
Juncus bufonius,Juncaceae,Juncus,Juncus bufonius L.,0.3,barochory,graminoid,annual,c3,fire_killed,yes,persister,-1.203972804
Juncus planifolius,Juncaceae,Juncus,Juncus planifolius R.Br.,0.75,barochory,graminoid,perennial,c3,resprouting_possible,yes,persister,-0.287682072
Juncus subsecundus,Juncaceae,Juncus,Juncus subsecundus N.A.Wakef.,1,mixed,graminoid,perennial,c3,resprouting_possible,no,persister,0
Juncus usitatus,Juncaceae,Juncus,Juncus usitatus L.A.S.Johnson,1.2,mixed,graminoid,perennial,c3,resprouting_possible,yes,persister,0.182321557
Kunzea ambigua,Myrtaceae,Kunzea,Kunzea ambigua (Sm.) Druce,35,mixed,shrub,perennial,c3,fire_killed,no,persister,3.555348061
Lachnagrostis filiformis,Poaceae,Lachnagrostis,Lachnagrostis filiformis (G.Forst.) Trin.,1,anemochory,graminoid,perennial,c3,resprouting_possible,yes,persister,0
Lasiopetalum parviflorum,Malvaceae,Lasiopetalum,Lasiopetalum parviflorum Rudge,1,myrmecochory,shrub,perennial,c3,resprouting_possible,no,persister,0
Laxmannia gracilis,Asparagaceae,Laxmannia,Laxmannia gracilis R.Br.,0.4,barochory,herb,perennial,c3,resprouting_possible,no,persister,-0.916290732
Lepidosperma laterale,Cyperaceae,Lepidosperma,Lepidosperma laterale R.Br.,1,myrmecochory,graminoid,perennial,c3,resprouting_possible,no,persister,0
Leptospermum polygalifolium,Myrtaceae,Leptospermum,Leptospermum polygalifolium Salisb.,10,anemochory,tree,perennial,c3,resprouting_possible,no,persister,2.302585093
Leptospermum trinervium,Myrtaceae,Leptospermum,Leptospermum trinervium (J.White) Sm.,6,anemochory,tree,perennial,c3,resprouting_possible,no,persister,1.791759469
Leucopogon affinis,Ericaceae,Leucopogon,Leucopogon affinis R.Br.,3,endozoochory,shrub,perennial,c3,resprouting_possible,no,persister,1.098612289
Leucopogon juniperinus,Ericaceae,Leucopogon,Leucopogon juniperinus R.Br.,1,endozoochory,shrub,perennial,c3,resprouting_possible,no,persister,0
Linum marginale,Linaceae,Linum,Linum marginale A.Cunn.,1.2,mixed,herb,perennial,c3,resprouting_possible,no,persister,0.182321557
Lissanthe strigosa,Ericaceae,Lissanthe,Lissanthe strigosa (Sm.) R.Br.,1,endozoochory,shrub,perennial,c3,resprouting_possible,no,persister,0
Lobelia anceps,Campanulaceae,Lobelia,Lobelia anceps L.f.,1.2,mixed,herb,perennial,c3,resprouting_possible,yes,persister,0.182321557
Lobelia purpurascens,Campanulaceae,Lobelia,Lobelia purpurascens R.Br.,0.28,mixed,herb,perennial,c3,resprouting_possible,no,persister,-1.272965676
Lomandra filiformis,Asparagaceae,Lomandra,Lomandra filiformis (Thunb.) Britten,0.54,myrmecochory,graminoid,perennial,c3,resprouting_possible,no,persister,-0.616186139
Lomandra longifolia,Asparagaceae,Lomandra,Lomandra longifolia Labill.,1,myrmecochory,graminoid,perennial,c3,resprouting_possible,no,persister,0
Lomandra multiflora,Asparagaceae,Lomandra,Lomandra multiflora (R.Br.) Britten,0.3,myrmecochory,graminoid,perennial,c3,resprouting_possible,no,persister,-1.203972804
Lythrum hyssopifolia,Lythraceae,Lythrum,Lythrum hyssopifolia L.,0.6,mixed,herb,annual,c3,fire_killed,yes,persister,-0.510825624
Melaleuca decora,Myrtaceae,Melaleuca,Melaleuca decora (Salisb.) Britten,7,anemochory,tree,perennial,c3,resprouting_possible,no,persister,1.945910149
Melaleuca diosmatifolia,Myrtaceae,Melaleuca,Melaleuca diosmatifolia Dum.Cours.,4,anemochory,shrub,perennial,c3,resprouting_possible,no,persister,1.386294361
Melaleuca linariifolia,Myrtaceae,Melaleuca,Melaleuca linariifolia Sm.,10,anemochory,tree,perennial,c3,resprouting_possible,no,persister,2.302585093
Melaleuca nodosa,Myrtaceae,Melaleuca,Melaleuca nodosa (Sol. ex Gaertn.) Sm.,4,anemochory,shrub,perennial,c3,resprouting_possible,no,persister,1.386294361
Melaleuca styphelioides,Myrtaceae,Melaleuca,Melaleuca styphelioides Sm.,20,anemochory,tree,perennial,c3,resprouting_possible,no,persister,2.995732274
Melaleuca thymifolia,Myrtaceae,Melaleuca,Melaleuca thymifolia Sm.,2,anemochory,shrub,perennial,c3,resprouting_possible,no,persister,0.693147181
Mentha diemenica,Lamiaceae,Mentha,Mentha diemenica Spreng.,0.5,mixed,herb,perennial,c3,resprouting_possible,no,persister,-0.693147181
Microlaena stipoides,Poaceae,Microlaena,Microlaena stipoides (Labill.) R.Br.,1,epizoochory,graminoid,perennial,c3,resprouting_possible,no,persister,0
Muellerina eucalyptoides,Loranthaceae,Muellerina,Muellerina eucalyptoides (DC.) Barlow,NA,endozoochory,shrub,perennial,c3,resprouting_possible,no,persister,NA
Myoporum boninense,Scrophulariaceae,Myoporum,Myoporum boninense Koidz.,2.8,endozoochory,shrub,perennial,c3,fire_killed,no,persister,1.029619417
Myrsine variabilis,Primulaceae,Myrsine,Myrsine variabilis R.Br.,15,endozoochory,tree,perennial,c3,resprouting_possible,no,persister,2.708050201
Notelaea longifolia,Oleaceae,Notelaea,Notelaea longifolia Vent.,9,endozoochory,tree,perennial,c3,resprouting_possible,no,persister,2.197224577
Notelaea ovata,Oleaceae,Notelaea,Notelaea ovata R.Br.,1,endozoochory,shrub,perennial,c3,resprouting_possible,no,persister,0
Olearia microphylla,Asteraceae,Olearia,Olearia microphylla (Vent.) Maiden & Betche,2,anemochory,shrub,perennial,c3,resprouting_possible,no,persister,0.693147181
Olearia viscidula,Asteraceae,Olearia,Olearia viscidula (F.Muell.) Benth.,2.5,anemochory,shrub,perennial,c3,resprouting_possible,no,persister,0.916290732
Opercularia varia,Rubiaceae,Opercularia,Opercularia varia Hook.f.,0.3,myrmecochory,herb,perennial,c3,resprouting_possible,no,persister,-1.203972804
Oplismenus hirtellus,Poaceae,Oplismenus,Oplismenus hirtellus (L.) P.Beauv.,3,epizoochory,graminoid,perennial,c3,resprouting_possible,no,persister,1.098612289
Oxalis perennans,Oxalidaceae,Oxalis,Oxalis perennans Haw.,0.5,mixed,herb,perennial,c3,resprouting_possible,no,persister,-0.693147181
Ozothamnus diosmifolius,Asteraceae,Ozothamnus,Ozothamnus diosmifolius (Vent.) DC.,5,anemochory,shrub,perennial,c3,resprouting_possible,no,persister,1.609437912
Pandorea pandorana,Bignoniaceae,Pandorea,Pandorea pandorana (Andrews) Steenis,43,anemochory,climber_woody,perennial,c3,resprouting_possible,no,persister,3.761200116
Panicum simile,Poaceae,Panicum,Panicum simile Domin,0.7,mixed,graminoid,perennial,c4,resprouting_possible,no,persister,-0.356674944
Paspalidium criniforme,Poaceae,Paspalidium,Paspalidium criniforme S.T.Blake,0.6,mixed,graminoid,perennial,c4,resprouting_possible,no,persister,-0.510825624
Paspalidium distans,Poaceae,Paspalidium,Paspalidium distans (Trin.) Hughes,1,barochory,graminoid,perennial,c4,resprouting_possible,no,persister,0
Pelargonium inodorum,Geraniaceae,Pelargonium,Pelargonium inodorum Willd.,0.4,mixed,herb,short_lived_perennial,c3,fire_killed,no,persister,-0.916290732
Pellaea falcata,Pteridaceae,Pellaea,Pellaea falcata (R.Br.) Fée,1,anemochory,fern,perennial,c3,resprouting_possible,no,persister,0
Persicaria decipiens,Polygonaceae,Persicaria,Persicaria decipiens (R.Br.) K.L.Wilson,1,epizoochory,herb,perennial,c3,resprouting_possible,yes,persister,0
Persicaria lapathifolia,Polygonaceae,Persicaria,Persicaria lapathifolia (L.) Delarbre,2,epizoochory,herb,biennial,c3,resprouting_possible,yes,persister,0.693147181
Persoonia linearis,Proteaceae,Persoonia,Persoonia linearis Andrews,5,endozoochory,tree,perennial,c3,resprouting_possible,no,persister,1.609437912
Phragmites australis,Poaceae,Phragmites,Phragmites australis (Cav.) Trin. ex Steud.,6,anemochory,graminoid,perennial,c3,resprouting_possible,yes,persister,1.791759469
Phyllanthus gunnii,Phyllanthaceae,Phyllanthus,Phyllanthus gunnii Hook.f.,5,mixed,shrub,perennial,c3,resprouting_possible,no,persister,1.609437912
Pimelea linifolia,Thymelaeaceae,Pimelea,Pimelea linifolia Sm.,1.68,myrmecochory,shrub,perennial,c3,resprouting_possible,no,persister,0.518793793
Pittosporum multiflorum,Pittosporaceae,Pittosporum,"Pittosporum multiflorum (A.Cunn. ex Loudon) L.W.Cayzer, Crisp & I.Telford",4.2,endozoochory,shrub,perennial,c3,resprouting_possible,no,persister,1.435084525
Pittosporum revolutum,Pittosporaceae,Pittosporum,Pittosporum revolutum W.T.Aiton,6,endozoochory,shrub,perennial,c3,resprouting_possible,no,persister,1.791759469
Pittosporum undulatum,Pittosporaceae,Pittosporum,Pittosporum undulatum Vent.,27.5,endozoochory,tree,perennial,c3,resprouting_possible,no,persister,3.314186005
Plantago debilis,Plantaginaceae,Plantago,Plantago debilis R.Br.,0.4,mixed,herb,perennial,c3,resprouting_possible,no,persister,-0.916290732
Plectranthus parviflorus,Lamiaceae,Plectranthus,Plectranthus parviflorus Willd.,1,endozoochory,shrub,perennial,cam,fire_killed,no,persister,0
Poa sieberiana,Poaceae,Poa,Poa sieberiana Spreng.,1.07,mixed,graminoid,perennial,c3,resprouting_possible,no,persister,0.067658648
Polyscias sambucifolia,Araliaceae,Polyscias,Polyscias sambucifolia (Sieber ex DC.) Harms,11,endozoochory,tree,perennial,c3,resprouting_possible,no,persister,2.397895273
Pomaderris ferruginea,Rhamnaceae,Pomaderris,Pomaderris ferruginea Sieber ex Fenzl,4,myrmecochory,shrub,perennial,c3,fire_killed,no,persister,1.386294361
Poranthera microphylla,Phyllanthaceae,Poranthera,Poranthera microphylla Brongn.,0.45,mixed,herb,annual,c3,resprouting_possible,no,persister,-0.798507696
Portulaca oleracea,Portulacaceae,Portulaca,Portulaca oleracea L.,0.2,barochory,herb,annual,c4,resprouting_possible,no,persister,-1.609437912
Pseudognaphalium luteoalbum,Asteraceae,Pseudognaphalium,Pseudognaphalium luteoalbum (L.) Hilliard & B.L.Burtt,0.7,anemochory,herb,annual,c3,fire_killed,no,persister,-0.356674944
Pteridium esculentum,Dennstaedtiaceae,Pteridium,Pteridium esculentum (G.Forst.) Cockayne,3,anemochory,fern,perennial,c3,resprouting_possible,no,persister,1.098612289
Pterostylis nutans,Orchidaceae,Pterostylis,Pterostylis nutans R.Br.,0.4,anemochory,herb,perennial,c3,resprouting_possible,no,persister,-0.916290732
Rubus parvifolius,Rosaceae,Rubus,Rubus parvifolius L.,1,endozoochory,climber_woody,perennial,c3,resprouting_possible,no,persister,0
Rumex brownii,Polygonaceae,Rumex,Rumex brownii Campd.,1.05,epizoochory,herb,perennial,c3,resprouting_possible,no,persister,0.048790164
Rytidosperma fulvum,Poaceae,Rytidosperma,Rytidosperma fulvum (Vickery) A.M.Humphreys & H.P.Linder,1.15,epizoochory,graminoid,perennial,c3,resprouting_possible,no,persister,0.139761942
Rytidosperma setaceum,Poaceae,Rytidosperma,Rytidosperma setaceum (R.Br.) Connor & Edgar,1,epizoochory,graminoid,perennial,c3,resprouting_possible,no,persister,0
Rytidosperma tenuius,Poaceae,Rytidosperma,Rytidosperma tenuius (Steud.) A.Hansen & Sunding,1.2,epizoochory,graminoid,perennial,c3,resprouting_possible,no,persister,0.182321557
Scaevola albida,Goodeniaceae,Scaevola,Scaevola albida (Sm.) Druce,0.5,mixed,herb,perennial,c3,fire_killed,no,persister,-0.693147181
Schoenus apogon,Cyperaceae,Schoenus,Schoenus apogon Roem. & Schult.,0.25,mixed,graminoid,perennial,c3,resprouting_possible,yes,persister,-1.386294361
Senecio hispidulus,Asteraceae,Senecio,Senecio hispidulus A.Rich.,1.5,anemochory,herb,perennial,c3,resprouting_possible,no,persister,0.405465108
Solenogyne bellioides,Asteraceae,Solenogyne,Solenogyne bellioides Cass.,0.18,mixed,herb,perennial,c3,resprouting_possible,no,persister,-1.714798428
Stackhousia muricata,Celastraceae,Stackhousia,Stackhousia muricata Lindl.,0.6,zoochory,herb,perennial,c3,fire_killed,no,persister,-0.510825624
Themeda triandra,Poaceae,Themeda,Themeda triandra Forssk.,2,epizoochory,graminoid,perennial,c4,resprouting_possible,no,persister,0.693147181
Thysanotus tuberosus,Asparagaceae,Thysanotus,Thysanotus tuberosus R.Br.,0.7,myrmecochory,herb,perennial,c3,resprouting_possible,no,persister,-0.356674944
Triglochin striata,Juncaginaceae,Triglochin,Triglochin striata Ruiz & Pav.,0.5,hydrochory,herb,perennial,c3,resprouting_possible,yes,persister,-0.693147181
Triptilodiscus pygmaeus,Asteraceae,Triptilodiscus,Triptilodiscus pygmaeus Turcz.,0.2,anemochory,herb,annual,c3,fire_killed,no,persister,-1.609437912
Typha orientalis,Typhaceae,Typha,Typha orientalis C.Presl,4.5,anemochory,graminoid,perennial,c3,resprouting_possible,yes,persister,1.504077397
Veronica plebeia,Plantaginaceae,Veronica,Veronica plebeia R.Br.,0.4,barochory,herb,perennial,c3,resprouting_possible,no,persister,-0.916290732
Vincetoxicum barbatum,Apocynaceae,Vincetoxicum,Vincetoxicum barbatum (R.Br.) Kuntze,2,anemochory,climber,perennial,c3,resprouting_possible,no,persister,0.693147181
Vittadinia cuneata,Asteraceae,Vittadinia,Vittadinia cuneata DC.,0.4,anemochory,subshrub,perennial,c3,resprouting_possible,no,persister,-0.916290732
Wahlenbergia gracilis,Campanulaceae,Wahlenbergia,Wahlenbergia gracilis (G.Forst.) A.DC.,0.8,anemochory,herb,perennial,c3,resprouting_possible,no,persister,-0.223143551
Zieria smithii,Rutaceae,Zieria,Zieria smithii Andrews,2,myrmecochory,shrub,perennial,c3,resprouting_possible,no,persister,0.693147181
Zornia dyctiocarpa,Fabaceae,Zornia,Zornia dyctiocarpa DC.,0.3,epizoochory,herb,perennial,c3,resprouting_possible,no,persister,-1.203972804
Amyema gaudichaudii,Loranthaceae,Amyema,Amyema gaudichaudii (DC.) Tiegh.,NA,endozoochory,shrub,perennial,c3,fire_killed,no,persister,NA
Arthropodium sp. South-east Highlands (N.G.Walsh 811),Asparagaceae,Arthropodium,Arthropodium sp. South-east Highlands (N.G.Walsh 811) Vic. Herbarium,1.16,barochory,herb,perennial,c3,resprouting_possible,no,persister,0.148420005
Cassytha paniculata,Lauraceae,Cassytha,Cassytha paniculata R.Br.,0.4,endozoochory,climber,perennial,c3,fire_killed,no,persister,-0.916290732
Dendrophthoe vitellina,Loranthaceae,Dendrophthoe,Dendrophthoe vitellina (F.Muell.) Tiegh.,NA,endozoochory,shrub,perennial,c3,fire_killed,no,persister,NA
Einadia polygonoides,Chenopodiaceae,Einadia,Einadia polygonoides (Murr) Paul G.Wilson,0.14,zoochory,herb,perennial,c3,fire_killed,no,persister,-1.966112856
Einadia trigonos,Chenopodiaceae,Einadia,Einadia trigonos (Schult.) Paul G.Wilson,0.81,zoochory,herb,perennial,c3,fire_killed,no,persister,-0.210721031
Kennedia rubicunda,Fabaceae,Kennedia,Kennedia rubicunda (Schneev.) Vent.,1.71,myrmecochory,climber,perennial,c3,resprouting_possible,no,persister,0.536493371
Lagenophora sublyrata,Asteraceae,Lagenophora,Lagenophora sublyrata (Cass.) A.R.Bean & Jian Wang ter,0.07,mixed,herb,perennial,c3,resprouting_possible,no,persister,-2.659260037
Macrozamia spiralis,Zamiaceae,Macrozamia,Macrozamia spiralis (Salisb.) Miq.,1.04,barochory,shrub,perennial,c3,resprouting_possible,no,persister,0.039220713
Opercularia diphylla,Rubiaceae,Opercularia,Opercularia diphylla Gaertn.,0.29,myrmecochory,herb,perennial,c3,resprouting_possible,no,persister,-1.237874356
Oxalis thompsoniae,Oxalidaceae,Oxalis,Oxalis thompsoniae B.J.Conn & P.G.Richards,0.25,barochory,herb,perennial,c3,fire_killed,no,persister,-1.386294361
Polymeria calycina,Convolvulaceae,Polymeria,Polymeria calycina R.Br.,0.8,mixed,herb,perennial,c3,resprouting_possible,no,persister,-0.223143551
Pultenaea villosa,Fabaceae,Pultenaea,Pultenaea villosa Willd.,2.13,myrmecochory,shrub,perennial,c3,fire_killed,no,persister,0.75612198
Sarcopetalum harveyanum,Menispermaceae,Sarcopetalum,Sarcopetalum harveyanum F.Muell.,6,endozoochory,climber_woody,perennial,c3,resprouting_possible,no,persister,1.791759469
Xanthorrhoea minor,Xanthorrhoeaceae,Xanthorrhoea,Xanthorrhoea minor R.Br.,1.48,barochory,shrub,perennial,c3,resprouting_possible,no,persister,0.392042088
