taxon_name,source,name,establishment_means
Abelia x grandiflora,Price1979,original,non-native
Acacia baileyana,RawlingsNeff1990,original,non-native
Acacia baileyana,Mesaglio2022,original,non-native
Acacia baileyana,Price1979,original,non-native
Acacia binervia,Price1988,original,native
Acacia binervia,Mesaglio2022,original,native
Acacia binervia,Price1979,original,native
Acacia brownii,Price1988,original,native
Acacia brownii,Mesaglio2022,original,native
Acacia brownii,Price1979,original,native
Acacia decurrens,Price1988,original,native
Acacia decurrens,Mesaglio2022,original,native
Acacia decurrens,Price1979,original,native
Acacia falcata,Price1988,original,native
Acacia falcata,Mesaglio2022,original,native
Acacia falcata,Price1979,original,native
Acacia fimbriata,Mesaglio2022,original,native
Acacia implexa,Mesaglio2022,original,native
Acacia longifolia,Mesaglio2022,original,native
Acacia longifolia ,Price1988,original,native
Acacia longifolia ,Price1979,original,native
Acacia longissima,Mesaglio2022,original,native
Acacia parramattensis,Price1988,original,native
Acacia parramattensis,Mesaglio2022,original,native
Acacia parramattensis,Price1979,original,native
Acacia podalyriifolia,Mesaglio2022,original,non-native
Acacia pubescens,Price1988,original,native
Acacia pubescens,Mesaglio2022,original,native
Acacia pubescens,Price1979,original,native
Acacia stricta,Price1988,original,native
Acacia stricta,Price1979,original,native
Acacia ulicifolia,Price1988,original,native
Acacia ulicifolia,Mesaglio2022,original,native
Acacia ulicifolia,Price1979,original,native
Acer negundo,Mesaglio2022,original,non-native
Adiantum aethiopicum,Price1988,original,native
Adiantum aethiopicum,Mesaglio2022,original,native
Adiantum aethiopicum,Price1979,original,native
Agapanthus africanus,RawlingsNeff1990,original,non-native
Agapanthus praecox,Mesaglio2022,original,non-native
Agapanthus praecox ,RawlingsNeff1990,original,non-native
Agapanthus praecox ,Price1979,original,non-native
Ageratina adenophora,RawlingsNeff1990,original,non-native
Ageratina adenophora,Mesaglio2022,original,non-native
Ageratina adenophora,Price1979,original,non-native
Ageratina riparia,Mesaglio2022,original,non-native
Allocasuarina littoralis,Mesaglio2022,original,native
Allocasuarina torulosa,Price1988,original,native
Allocasuarina torulosa,Price1979,original,native
Alocasia macrorrhizos,RawlingsNeff1990,original,non-native
Aloe maculata,RawlingsNeff1990,amended,non-native
Aloe maculata,Mesaglio2022,original,non-native
Aloe maculata,Price1979,amended,non-native
Alternanthera denticulata,Price1988,original,native
Alternanthera denticulata,Mesaglio2022,original,native
Alternanthera denticulata,Price1979,original,native
Alternanthera philoxeroides,RawlingsNeff1990,original,non-native
Alternanthera philoxeroides,Mesaglio2022,original,non-native
Alternanthera philoxeroides,Price1979,original,non-native
Alternanthera pungens,Mesaglio2022,original,non-native
Alternanthera sp. A Flora of New South Wales (M.Gray 5187) J.Palmer,Mesaglio2022,original,native
Amaranthus hybridus,Price1979,original,non-native
Amaranthus viridis,Mesaglio2022,original,non-native
Amphibromus neesii,Price1979,original,native
Amyema gaudichaudii,Price1988,original,native
Amyema gaudichaudii,Mesaglio2022,original,native
Amyema gaudichaudii,Price1979,original,native
Amyema miquelii,GibsonBell1992,amended,native
Amyema miquelii,Mesaglio2022,original,native
Angophora floribunda,Price1988,original,native
Angophora floribunda,Mesaglio2022,original,native
Angophora floribunda,Price1979,original,native
Anredera cordifolia,RawlingsNeff1990,original,non-native
Anredera cordifolia,Mesaglio2022,original,non-native
Anredera cordifolia,Price1979,original,non-native
Anthosachne scabra,GibsonBell1992,original,native
Anthosachne scabra,Mesaglio2022,original,native
Apium graveolens,RawlingsNeff1990,amended,non-native
Apium graveolens,Mesaglio2022,original,non-native
Apium graveolens,Price1979,original,non-native
Araujia sericifera,RawlingsNeff1990,original,non-native
Araujia sericifera,Mesaglio2022,original,non-native
Araujia sericifera,Price1979,original,non-native
Arctotheca calendula,Mesaglio2022,original,non-native
Arctotheca calendula,Price1979,original,non-native
Aristida ramosa,Price1988,original,native
Aristida ramosa,Price1979,original,native
Aristida vagans,Price1988,original,native
Aristida vagans,Mesaglio2022,original,native
Aristida vagans,Price1979,original,native
Artemisia verlotiorum,Mesaglio2022,original,non-native
Artemisia verlotiorum,Price1979,amended,non-native
Arthropodium minus,Price1988,original,native
Arthropodium sp. South-east Highlands (N.G.Walsh 811) Vic. Herbarium,Price1988,amended,native
Arthropodium sp. South-east Highlands (N.G.Walsh 811) Vic. Herbarium,Price1979,amended,native
Arthropodium sp. South-east Highlands (N.G.Walsh 811) Vic. Herbarium,Mesaglio2022,original,native
Arthropodium strictum,Price1988,original,native
Asclepias curassavica,Mesaglio2022,original,non-native
Asparagus aethiopicus,RawlingsNeff1990,original,non-native
Asparagus aethiopicus,Mesaglio2022,original,non-native
Asparagus aethiopicus,Price1979,original,non-native
Asparagus asparagoides,RawlingsNeff1990,original,non-native
Asparagus asparagoides,Mesaglio2022,original,non-native
Asparagus asparagoides,Price1979,original,non-native
Asparagus officinalis,Mesaglio2022,original,non-native
Asparagus officinalis,Price1979,original,non-native
Asparagus plumosus,Price1979,original,non-native
Asparagus virgatus,Mesaglio2022,original,non-native
Asperula conferta,Price1988,original,native
Asperula conferta,Mesaglio2022,original,native
Asplenium australasicum,Mesaglio2022,original,native
Asterolasia correifolia,Price1988,original,native
Asterolasia correifolia,Price1979,original,native
Astroloma humifusum,Price1988,original,native
Astroloma humifusum,Price1979,original,native
Atriplex prostrata,Mesaglio2022,original,non-native
Austrostipa pubescens,Price1988,original,native
Austrostipa pubescens,Price1979,original,native
Austrostipa rudis,Mesaglio2022,original,native
Austrostipa rudis ,Price1988,original,native
Austrostipa rudis ,Price1979,original,native
Austrostipa scabra,Price1979,original,native
Austrostipa scabra ,Price1988,original,native
Austrostipa setacea,GibsonBell1992,original,native
Avena barbata,Mesaglio2022,original,non-native
Avena barbata,Price1979,original,non-native
Avena sterilis ,Price1979,original,non-native
Axonopus fissifolius,RawlingsNeff1990,original,non-native
Axonopus fissifolius,Price1979,original,non-native
Beta vulgaris,Mesaglio2022,original,non-native
Bidens alba,Mesaglio2022,original,non-native
Bidens pilosa,RawlingsNeff1990,original,non-native
Bidens pilosa,Mesaglio2022,original,non-native
Bidens pilosa,Price1979,original,non-native
Bidens subalternans,RawlingsNeff1990,original,non-native
Bidens subalternans,Mesaglio2022,original,non-native
Bidens subalternans,Price1979,original,non-native
Billardiera mutabilis,Mesaglio2022,original,native
Billardiera scandens,Price1988,original,native
Billardiera scandens,Price1979,original,native
Blechnum rupestre,Mesaglio2022,original,native
Bolboschoenus caldwellii,GibsonBell1992,original,native
Boronia polygalifolia,Price1988,original,native
Boronia polygalifolia,Mesaglio2022,original,native
Boronia polygalifolia,Price1979,original,native
Bossiaea buxifolia,Price1988,original,native
Bossiaea buxifolia,Mesaglio2022,original,native
Bossiaea buxifolia,Price1979,original,native
Bossiaea prostrata,Price1988,original,native
Bossiaea prostrata,Mesaglio2022,original,native
Bossiaea prostrata,Price1979,original,native
Bothriochloa decipiens,Price1988,original,native
Bothriochloa macra,Price1988,original,native
Bothriochloa macra,Mesaglio2022,original,native
Bothriochloa macra,Price1979,original,native
Bougainvillea sp.,RawlingsNeff1990,original,non-native
Bougainvillea sp.,Price1979,original,non-native
Brachychiton acerifolius,Mesaglio2022,original,non-native
Brachychiton populneus,Price1988,original,native
Brachychiton populneus,Mesaglio2022,original,native
Brachychiton populneus,Price1979,original,native
Brachyscome graminea,Price1988,amended,native
Brachyscome graminea,Price1979,original,native
Brachyscome triloba,Mesaglio2022,original,native
Brachyscome triloba,Price1979,original,native
Brassica × juncea,Price1979,original,non-native
Brassica fruticulosa,Mesaglio2022,original,non-native
Brassica fruticulosa,Price1979,original,non-native
Brassica oleracea,Mesaglio2022,original,non-native
Brassica rapa,RawlingsNeff1990,amended,non-native
Brassica rapa,Mesaglio2022,original,non-native
Brassica rapa,Price1979,original,non-native
Breynia oblongifolia,Price1988,original,native
Breynia oblongifolia,Mesaglio2022,original,native
Breynia oblongifolia,Price1979,original,native
Briza maxima,RawlingsNeff1990,original,non-native
Briza maxima,Mesaglio2022,original,non-native
Briza maxima,Price1979,original,non-native
Briza minor,RawlingsNeff1990,original,non-native
Briza minor,Mesaglio2022,original,non-native
Briza minor,Price1979,original,non-native
Bromus catharticus,RawlingsNeff1990,original,non-native
Bromus catharticus,Mesaglio2022,original,non-native
Bromus catharticus,Price1979,original,non-native
Bromus diandrus,Price1979,original,non-native
Bromus hordeaceus,Price1979,original,non-native
Bromus rubens,Price1979,original,non-native
Brunoniella australis,Price1988,original,native
Brunoniella australis,Mesaglio2022,original,native
Brunoniella australis,Price1979,original,native
Brunoniella pumilio,Price1988,original,native
Brunoniella pumilio,Mesaglio2022,original,native
Brunoniella pumilio,Price1979,original,native
Bryophyllum delagoense,Mesaglio2022,original,non-native
Bryophyllum delagoense,Price1979,original,non-native
Bryophyllum pinnatum,Mesaglio2022,original,non-native
Bursaria spinosa,Price1988,original,native
Bursaria spinosa,Mesaglio2022,original,native
Bursaria spinosa,Price1979,original,native
Caesia parviflora,Mesaglio2022,original,native
Caesia parviflora,Price1979,original,native
Caesia parviflora ,Price1988,original,native
Callistemon linearifolius,Price1988,original,native
Callistemon linearifolius,Mesaglio2022,original,native
Callistemon linearis,Price1988,original,native
Callistemon linearis,Mesaglio2022,original,native
Callistemon linearis,Price1979,original,native
Callistemon pinifolius,Price1988,original,native
Callistemon pinifolius,Mesaglio2022,original,native
Callistemon pinifolius,Price1979,original,native
Callistemon salignus,Price1988,original,native
Callistemon salignus,Mesaglio2022,original,native
Callistemon salignus,Price1979,original,native
Callistemon viminalis,Mesaglio2022,original,non-native
Callitriche stagnalis,Mesaglio2022,original,non-native
Calotis cuneifolia,Price1988,original,native
Calotis cuneifolia,Mesaglio2022,original,native
Calotis cuneifolia,Price1979,original,native
Calotis lappulacea,Price1988,original,native
Calotis lappulacea,Mesaglio2022,original,native
Calotis lappulacea,Price1979,original,native
Campsis × tagliabuana,Price1979,original,non-native
Campsis grandiflora,RawlingsNeff1990,original,non-native
Canna indica,RawlingsNeff1990,original,non-native
Canna indica,Mesaglio2022,original,non-native
Canna indica,Price1979,original,non-native
Canna sp.,Price1979,original,non-native
Capillipedium spicigerum,Mesaglio2022,original,native
Capsella bursa-pastoris,Mesaglio2022,original,non-native
Capsella bursa-pastoris,Price1979,original,non-native
Cardamine hirsuta,Mesaglio2022,original,non-native
Cardamine lilacina,Price1979,original,native
Cardamine paucijuga,Mesaglio2022,original,native
Cardiospermum grandiflorum,RawlingsNeff1990,original,non-native
Cardiospermum grandiflorum,Mesaglio2022,original,non-native
Cardiospermum grandiflorum,Price1979,original,non-native
Carex breviculmis,Mesaglio2022,original,native
Carex inversa,Price1988,original,native
Carex inversa,Mesaglio2022,original,native
Carex inversa,Price1979,original,native
Cassinia sifton,Price1988,amended,native
Cassinia sifton,Mesaglio2022,original,native
Cassinia sifton,Price1979,amended,native
Cassytha glabella,Price1988,original,native
Cassytha paniculata,Price1988,amended,native
Cassytha paniculata,Mesaglio2022,original,native
Cassytha paniculata,Price1979,original,native
Casuarina cunninghamiana,Mesaglio2022,original,native
Casuarina glauca,Price1988,original,native
Casuarina glauca,Mesaglio2022,original,native
Casuarina glauca,Price1979,original,native
Cayratia clematidea,Mesaglio2022,original,native
Cenchrus clandestinus,Mesaglio2022,original,non-native
Cenchrus clandestinus ,RawlingsNeff1990,original,non-native
Cenchrus clandestinus ,Price1979,original,non-native
Centaurium erythraea,Mesaglio2022,original,non-native
Centaurium erythraea,Price1979,original,non-native
Centaurium tenuiflorum,Mesaglio2022,original,non-native
Centaurium tenuiflorum,Price1979,original,non-native
Centella asiatica,Price1988,original,native
Centella asiatica,Mesaglio2022,original,native
Centipeda minima,Price1988,original,native
Centipeda minima,Mesaglio2022,original,native
Centipeda minima,Price1979,original,native
Centranthus ruber,Price1979,original,non-native
Cerastium glomeratum,RawlingsNeff1990,amended,non-native
Cerastium glomeratum,Mesaglio2022,original,non-native
Cerastium glomeratum,Price1979,original,non-native
Cestrum aurantiacum,Mesaglio2022,original,non-native
Cestrum aurantiacum,Price1979,original,non-native
Cestrum parqui,RawlingsNeff1990,original,non-native
Cestrum parqui,Mesaglio2022,original,non-native
Cestrum parqui,Price1979,amended,non-native
Chascolytrum subaristatum,Mesaglio2022,original,non-native
Chascolytrum subaristatum,Price1979,original,non-native
Cheilanthes distans,Mesaglio2022,original,native
Cheilanthes sieberi,Price1988,original,native
Cheilanthes sieberi,Mesaglio2022,original,native
Cheilanthes sieberi,Price1979,amended,native
Chenopodium album,RawlingsNeff1990,original,non-native
Chenopodium album,Mesaglio2022,original,non-native
Chenopodium album,Price1979,original,non-native
Chloris gayana,RawlingsNeff1990,original,non-native
Chloris gayana,Mesaglio2022,original,non-native
Chloris gayana,Price1979,original,non-native
Chloris truncata,Price1988,original,native
Chloris truncata,Mesaglio2022,original,native
Chloris truncata,Price1979,original,native
Chloris ventricosa,Price1988,original,native
Chloris ventricosa,Mesaglio2022,original,native
Chloris virgata,Mesaglio2022,original,non-native
Chloris virgata,Price1979,original,non-native
Chlorophytum comosum,RawlingsNeff1990,original,non-native
Chlorophytum comosum,Mesaglio2022,original,non-native
Chorizema parviflorum,Price1988,original,native
Chorizema parviflorum,Mesaglio2022,original,native
Chorizema parviflorum,Price1979,original,native
Christella dentata,Mesaglio2022,original,native
Chrysanthemoides monilifera,RawlingsNeff1990,original,non-native
Chrysanthemoides monilifera,Price1979,original,non-native
Chrysocephalum apiculatum,Price1988,original,native
Chrysocephalum apiculatum,Mesaglio2022,original,native
Chrysocephalum apiculatum,Price1979,original,native
Cichorium intybus,Price1979,original,non-native
Cinnamomum camphora,RawlingsNeff1990,original,non-native
Cinnamomum camphora,Mesaglio2022,original,non-native
Cinnamomum camphora,Price1979,original,non-native
Cirsium vulgare,RawlingsNeff1990,original,non-native
Cirsium vulgare,Mesaglio2022,original,non-native
Cirsium vulgare,Price1979,original,non-native
Cissus antarctica,Mesaglio2022,original,native
Clematis aristata,Price1988,original,native
Clematis aristata,Mesaglio2022,original,native
Clematis aristata,Price1979,original,native
Clematis glycinoides,Price1988,original,native
Clematis glycinoides,Mesaglio2022,original,native
Clematis glycinoides,Price1979,original,native
Clivia sp.,Mesaglio2022,original,non-native
Colocasia esculenta,Mesaglio2022,original,non-native
Commelina cyanea,Price1988,original,native
Commelina cyanea,Mesaglio2022,original,native
Commersonia dasyphylla,Price1988,original,native
Commersonia dasyphylla,Price1979,original,native
Convolvulus erubescens,Mesaglio2022,original,native
Convolvulus farinosus,Mesaglio2022,original,non-native
Coronidium scorpioides,Price1988,original,native
Coronidium scorpioides,Price1979,original,native
Correa reflexa,Price1988,original,native
Correa reflexa,Mesaglio2022,original,native
Correa reflexa,Price1979,original,native
Cortaderia selloana,RawlingsNeff1990,original,non-native
Cortaderia selloana,Price1979,original,non-native
Corymbia citriodora,RawlingsNeff1990,original,non-native
Corymbia citriodora,Mesaglio2022,original,non-native
Corymbia citriodora,Price1979,original,non-native
Cotoneaster glaucophyllus,RawlingsNeff1990,original,non-native
Cotoneaster glaucophyllus,Mesaglio2022,original,non-native
Cotoneaster glaucophyllus,Price1979,amended,non-native
Cotula australis,Price1988,original,native
Cotula australis,Mesaglio2022,original,native
Cotula australis,Price1979,original,native
Cotula coronopifolia,Price1979,original,non-native
Crassocephalum crepidioides,Mesaglio2022,original,non-native
Crassula multicava,RawlingsNeff1990,original,non-native
Crassula multicava,Mesaglio2022,original,non-native
Crassula multicava,Price1979,original,non-native
Crassula peduncularis,Mesaglio2022,original,native
Crassula sieberiana,Price1988,original,native
Crassula sieberiana,Mesaglio2022,original,native
Crinum pedunculatum,RawlingsNeff1990,original,non-native
Crinum pedunculatum,Price1979,original,non-native
Crocosmia × crocosmiiflora,Mesaglio2022,original,non-native
Cupaniopsis anacardioides,Mesaglio2022,original,non-native
Cyanthillium cinereum,Price1988,original,native
Cyanthillium cinereum,Mesaglio2022,original,native
Cyanthillium cinereum,Price1979,original,native
Cyclospermum leptophyllum,Mesaglio2022,original,non-native
Cyclospermum leptophyllum,Price1979,original,non-native
Cymbopogon refractus,Price1988,original,native
Cymbopogon refractus,Mesaglio2022,original,native
Cymbopogon refractus,Price1979,original,native
Cynodon dactylon,RawlingsNeff1990,original,non-native
Cynodon dactylon,Mesaglio2022,original,non-native
Cynodon dactylon,Price1979,original,non-native
Cyperus brevifolius,Price1979,original,non-native
Cyperus eragrostis,RawlingsNeff1990,original,non-native
Cyperus eragrostis,Mesaglio2022,original,non-native
Cyperus eragrostis,Price1979,original,non-native
Cyperus gracilis,Mesaglio2022,original,native
Cyperus involucratus,Mesaglio2022,original,non-native
Cyperus mirus,Price1988,original,native
Cyperus mirus,Price1979,original,native
Cyperus polystachyos,Price1988,original,native
Cyperus sp.,RawlingsNeff1990,original,non-native
Dactylis glomerata,RawlingsNeff1990,original,non-native
Dactylis glomerata,Mesaglio2022,original,non-native
Dactylis glomerata,Price1979,original,non-native
Daviesia ulicifolia,Price1988,original,native
Daviesia ulicifolia,Mesaglio2022,original,native
Daviesia ulicifolia,Price1979,original,native
Delairea odorata,Mesaglio2022,original,non-native
Dendrophthoe vitellina,Price1988,original,native
Dendrophthoe vitellina,Mesaglio2022,original,native
Dendrophthoe vitellina,Price1979,original,native
Denhamia silvestris,Price1988,original,native
Denhamia silvestris,Mesaglio2022,original,native
Denhamia silvestris,Price1979,amended,native
Desmodium rhytidophyllum,Price1988,original,native
Desmodium rhytidophyllum,Mesaglio2022,original,native
Desmodium varians,Price1988,original,native
Desmodium varians,Mesaglio2022,original,native
Desmodium varians,Price1979,original,native
Deyeuxia quadriseta,Price1988,original,native
Deyeuxia quadriseta,Price1979,original,native
Dianella brevipedunculata,Mesaglio2022,original,non-native
Dianella caerulea,Price1988,original,native
Dianella caerulea,Mesaglio2022,original,native
Dianella caerulea,Price1979,original,native
Dianella longifolia,Mesaglio2022,original,native
Dianella longifolia ,Price1988,original,native
Dianella revoluta,Price1988,original,native
Dianella revoluta,Mesaglio2022,original,native
Dianella revoluta,Price1979,original,native
Dichelachne crinita,Mesaglio2022,original,native
Dichelachne inaequiglumis,Mesaglio2022,original,native
Dichelachne micrantha,Price1988,original,native
Dichelachne micrantha,Mesaglio2022,original,native
Dichelachne micrantha,Price1979,original,native
Dichelachne rara,Price1988,original,native
Dichelachne rara,Price1979,original,native
Dichondra repens,Price1988,original,native
Dichondra repens,Mesaglio2022,original,native
Dichondra repens,Price1979,original,native
Dietes grandiflora,Mesaglio2022,original,non-native
Digitaria ciliaris,Price1979,original,non-native
Digitaria didactyla,Mesaglio2022,original,non-native
Digitaria parviflora,Price1988,original,native
Digitaria parviflora,Price1979,original,native
Digitaria ramularis,Price1988,original,native
Digitaria sanguinalis,Mesaglio2022,original,non-native
Digitaria sanguinalis,Price1979,original,non-native
Dillwynia sieberi,Price1988,amended,native
Dillwynia sieberi,Mesaglio2022,original,native
Dillwynia sieberi,Price1979,amended,native
Dimorphotheca ecklonis,Mesaglio2022,original,non-native
Dipodium punctatum,Mesaglio2022,original,native
Dipogon lignosus,RawlingsNeff1990,original,non-native
Dipogon lignosus,Price1979,original,non-native
Diuris maculata,Price1988,original,native
Diuris maculata,Mesaglio2022,original,native
Diuris maculata,Price1979,original,native
Diuris sulphurea,Price1988,original,native
Diuris sulphurea,Price1979,original,native
Dodonaea triquetra,Price1988,original,native
Dodonaea triquetra,Mesaglio2022,original,native
Dodonaea triquetra,Price1979,original,native
Dolichandra unguis-cati,Mesaglio2022,original,non-native
Dracaena draco,Mesaglio2022,original,non-native
Drosera lunata,Mesaglio2022,original,native
Drosera peltata,Price1988,original,native
Drosera peltata,Price1979,original,native
Dysphania carinata,Mesaglio2022,original,native
Dysphania littoralis,Price1988,original,native
Dysphania littoralis,Price1979,original,native
Dysphania pumilio,Mesaglio2022,original,native
Echinochloa crus-galli,Mesaglio2022,original,non-native
Echinochloa crus-galli,Price1979,original,non-native
Echinochloa crus-galli,RawlingsNeff1990,original,non-native
Echinochloa telmatophila,Price1988,original,native
Echinopogon caespitosus,Price1988,original,native
Echinopogon caespitosus,Mesaglio2022,original,native
Echinopogon caespitosus,Price1979,original,native
Echinopogon ovatus,Price1988,original,native
Echinopogon ovatus,Mesaglio2022,original,native
Echinopogon ovatus,Price1979,original,native
Ehrharta erecta,Mesaglio2022,original,non-native
Ehrharta longiflora,Mesaglio2022,original,non-native
Ehrharta longiflora,Price1979,original,non-native
Einadia hastata,Price1988,original,native
Einadia hastata,Mesaglio2022,original,native
Einadia hastata,Price1979,original,native
Einadia nutans,Price1979,original,native
Einadia nutans ,Price1988,original,native
Einadia polygonoides,Price1988,original,native
Einadia polygonoides,Mesaglio2022,original,native
Einadia polygonoides,Price1979,original,native
Einadia trigonos,Price1988,original,native
Einadia trigonos,Mesaglio2022,original,native
Einadia trigonos,Price1979,original,native
Elatine gratioloides,Mesaglio2022,original,native
Eleocharis acuta,GibsonBell1992,original,native
Eleusine indica,RawlingsNeff1990,original,non-native
Eleusine indica,Price1979,original,non-native
Eleusine tristachya,RawlingsNeff1990,original,non-native
Eleusine tristachya,Mesaglio2022,original,non-native
Eleusine tristachya,Price1979,original,non-native
Entolasia marginata,Price1988,original,native
Entolasia marginata,Mesaglio2022,original,native
Entolasia marginata,Price1979,original,native
Entolasia stricta,Price1988,original,native
Entolasia stricta,Mesaglio2022,original,native
Entolasia stricta,Price1979,original,native
Epilobium billardiereanum,Mesaglio2022,original,native
Epilobium billardiereanum ,Price1988,original,native
Eragrostis benthamii,Price1988,original,native
Eragrostis benthamii,Price1979,original,native
Eragrostis brownii,Price1988,original,native
Eragrostis brownii,Mesaglio2022,original,native
Eragrostis brownii,Price1979,original,native
Eragrostis curvula,RawlingsNeff1990,original,non-native
Eragrostis curvula,Mesaglio2022,original,non-native
Eragrostis curvula,Price1979,original,non-native
Eragrostis elongata,Price1988,original,native
Eragrostis leptostachya,Price1988,original,native
Eragrostis leptostachya,Mesaglio2022,original,native
Eragrostis leptostachya,Price1979,original,native
Eragrostis parviflora,Price1988,original,native
Eragrostis pilosa,Mesaglio2022,original,non-native
Eragrostis tenuifolia,Mesaglio2022,original,non-native
Erechtites valerianifolius,Mesaglio2022,original,non-native
Eremophila debilis,Price1988,original,native
Eremophila debilis,Mesaglio2022,original,native
Eremophila debilis,Price1979,original,native
Erigeron bonariensis,RawlingsNeff1990,original,non-native
Erigeron bonariensis,Mesaglio2022,original,non-native
Erigeron bonariensis,Price1979,original,non-native
Erigeron sumatrensis,Mesaglio2022,original,non-native
Erigeron sumatrensis,Price1979,original,non-native
Eriochloa pseudoacrotricha,Price1988,original,native
Eriochloa pseudoacrotricha,Mesaglio2022,original,native
Eriochloa pseudoacrotricha,Price1979,original,native
Erythrina crista-galli,Price1979,amended,non-native
Erythrina crista-galli,Mesaglio2022,original,non-native
Eucalyptus amplifolia,Price1988,original,native
Eucalyptus amplifolia,Mesaglio2022,original,native
Eucalyptus amplifolia,Price1979,original,native
Eucalyptus capitellata,Mesaglio2022,original,native
Eucalyptus eugenioides,Price1988,original,native
Eucalyptus eugenioides,Mesaglio2022,original,native
Eucalyptus eugenioides,Price1979,original,native
Eucalyptus fibrosa,Mesaglio2022,original,native
Eucalyptus fibrosa ,Price1988,original,native
Eucalyptus fibrosa ,Price1979,original,native
Eucalyptus globoidea,Price1988,original,native
Eucalyptus globoidea,Mesaglio2022,original,native
Eucalyptus globoidea,Price1979,original,native
Eucalyptus globulus,RawlingsNeff1990,original,non-native
Eucalyptus globulus ,Price1979,original,non-native
Eucalyptus longifolia,Price1988,original,native
Eucalyptus longifolia,Mesaglio2022,original,native
Eucalyptus longifolia,Price1979,original,native
Eucalyptus melliodora,RawlingsNeff1990,original,non-native
Eucalyptus melliodora,Price1979,original,non-native
Eucalyptus microcorys,RawlingsNeff1990,original,non-native
Eucalyptus microcorys,Mesaglio2022,original,non-native
Eucalyptus microcorys,Price1979,original,non-native
Eucalyptus moluccana,Price1988,original,native
Eucalyptus moluccana,Mesaglio2022,original,native
Eucalyptus moluccana,Price1979,original,native
Eucalyptus paniculata,Mesaglio2022,original,non-native
Eucalyptus paniculata,Price1979,original,non-native
Eucalyptus punctata,Price1988,original,native
Eucalyptus punctata,Mesaglio2022,original,native
Eucalyptus punctata,Price1979,original,native
Eucalyptus resinifera,Price1988,original,native
Eucalyptus resinifera,Mesaglio2022,original,native
Eucalyptus resinifera,Price1979,original,native
Eucalyptus saligna,Mesaglio2022,original,non-native
Eucalyptus saligna,Price1979,original,non-native
Eucalyptus sideroxylon ,Price1979,original,native
Eucalyptus tereticornis,Price1988,original,native
Eucalyptus tereticornis,Mesaglio2022,original,native
Eucalyptus tereticornis,Price1979,original,native
Euchiton involucratus,Mesaglio2022,original,native
Euchiton japonicus,Price1979,original,native
Euchiton sphaericus,GibsonBell1992,original,native
Euchiton sphaericus,Mesaglio2022,original,native
Euphorbia drummondii,Price1979,original,native
Euphorbia maculata,Mesaglio2022,original,non-native
Euphorbia peplus,Mesaglio2022,original,non-native
Euphorbia peplus,Price1979,original,non-native
Euphorbia peplus,RawlingsNeff1990,original,non-native
Euphorbia prostrata,Mesaglio2022,original,non-native
Euphorbia prostrata,Price1979,original,non-native
Euphorbia serpens,Mesaglio2022,original,non-native
Euryops chrysanthemoides,Mesaglio2022,original,non-native
Eustrephus latifolius,Price1988,original,native
Eustrephus latifolius,Mesaglio2022,original,native
Eustrephus latifolius,Price1979,original,native
Exocarpos cupressiformis,Price1988,original,native
Exocarpos cupressiformis,Mesaglio2022,original,native
Exocarpos cupressiformis,Price1979,original,native
Exocarpos strictus,Price1988,original,native
Exocarpos strictus,Price1979,original,native
Facelis retusa,Mesaglio2022,original,non-native
Facelis retusa,Price1979,original,non-native
Ficinia nodosa,Mesaglio2022,original,native
Ficus rubiginosa,Mesaglio2022,original,native
Fimbristylis dichotoma,Mesaglio2022,original,native
Foeniculum vulgare,RawlingsNeff1990,original,non-native
Foeniculum vulgare,Mesaglio2022,original,non-native
Foeniculum vulgare,Price1979,original,non-native
Freesia leichtlinii subsp. leichtlinii ×  Freesia leichtlinii subsp. alba,Price1979,original,non-native
Freesia sp.,RawlingsNeff1990,original,non-native
Freesia sp.,Mesaglio2022,original,non-native
Fumaria bastardii,Mesaglio2022,original,non-native
Fumaria muralis,Mesaglio2022,original,non-native
Fumaria muralis,Price1979,original,non-native
Gahnia aspera,Price1988,original,native
Gahnia aspera,Mesaglio2022,original,native
Gahnia aspera,Price1979,original,native
Gahnia melanocarpa,Price1988,original,native
Gahnia melanocarpa,Mesaglio2022,original,native
Gahnia melanocarpa,Price1979,original,native
Galinsoga parviflora,Mesaglio2022,original,non-native
Galium aparine,Mesaglio2022,original,non-native
Galium leiocarpum,Mesaglio2022,original,native
Gamochaeta pensylvanica,Mesaglio2022,original,non-native
Gamochaeta purpurea,RawlingsNeff1990,original,non-native
Gamochaeta purpurea,Mesaglio2022,original,non-native
Gamochaeta purpurea ,Price1979,original,non-native
Genista monspessulana,RawlingsNeff1990,original,non-native
Genista monspessulana,Mesaglio2022,original,non-native
Genista monspessulana ,Price1979,original,non-native
Geranium homeanum,Mesaglio2022,original,native
Geranium solanderi,Price1988,original,native
Geranium solanderi,Mesaglio2022,original,native
Gladiolus sp.,RawlingsNeff1990,original,non-native
Gladiolus undulatus,Mesaglio2022,original,non-native
Gladiolus undulatus,Price1979,original,non-native
Glochidion ferdinandi,Price1988,original,native
Glochidion ferdinandi,Mesaglio2022,original,native
Glochidion ferdinandi,Price1979,original,native
Glossocardia bidens,Price1988,original,native
Glossocardia bidens,Mesaglio2022,original,native
Glycine clandestina,Price1988,original,native
Glycine clandestina,Mesaglio2022,original,native
Glycine clandestina,Price1979,original,native
Glycine microphylla,GibsonBell1992,original,native
Glycine microphylla,Mesaglio2022,original,native
Glycine tabacina,Price1988,original,native
Glycine tabacina,Mesaglio2022,original,native
Glycine tabacina,Price1979,original,native
Gomphocarpus physocarpus,Mesaglio2022,original,non-native
Gompholobium glabratum,Price1988,original,native
Gompholobium glabratum,Price1979,original,native
Gomphrena celosioides,Mesaglio2022,original,non-native
Gonocarpus humilis,Mesaglio2022,original,native
Gonocarpus tetragynus,Price1988,original,native
Gonocarpus tetragynus ,Price1979,original,native
Goodenia bellidifolia,Price1979,original,native
Goodenia bellidifolia ,Price1988,original,native
Goodenia hederacea,Price1988,original,native
Goodenia hederacea,Mesaglio2022,original,native
Goodenia hederacea,Price1979,original,native
Goodenia ovata,Price1988,original,native
Goodenia ovata,Price1979,original,native
Goodenia paniculata,Price1988,original,native
Goodenia paniculata,Mesaglio2022,original,native
Goodenia paniculata,Price1979,original,native
Gratiola pedunculata,GibsonBell1992,original,native
Gratiola pedunculata,Mesaglio2022,original,native
Grevillea robusta,Mesaglio2022,original,non-native
Hakea sericea,Price1988,original,native
Hakea sericea,Mesaglio2022,original,native
Hakea sericea,Price1979,original,native
Hardenbergia violacea,Price1988,original,native
Hardenbergia violacea,Mesaglio2022,original,native
Hardenbergia violacea,Price1979,original,native
Harpephyllum caffrum,Mesaglio2022,original,non-native
Helianthus annuus,Price1979,original,non-native
Hesperocyparis lusitanica,Mesaglio2022,original,non-native
Hibbertia aspera,Price1988,original,native
Hibbertia aspera,Mesaglio2022,original,native
Hibbertia aspera,Price1979,original,native
Hibbertia dentata,Mesaglio2022,original,native
Hibbertia diffusa,Price1988,original,native
Hibbertia diffusa,Mesaglio2022,original,native
Hibbertia diffusa,Price1979,original,native
Hibbertia pedunculata,Price1988,original,native
Hibbertia pedunculata,Mesaglio2022,original,native
Hibbertia pedunculata,Price1979,original,native
Hibiscus mutabilis,Mesaglio2022,original,non-native
Hippeastrum puniceum,RawlingsNeff1990,original,non-native
Hippeastrum puniceum,Price1979,original,non-native
Homalanthus populifolius,Mesaglio2022,original,native
Homalanthus populifolius ,Price1988,original,native
Homalanthus populifolius ,Price1979,original,native
Hovea longifolia,Price1988,original,native
Hovea longifolia,Price1979,original,native
Hydrocotyle bonariensis,RawlingsNeff1990,original,non-native
Hydrocotyle bonariensis,Mesaglio2022,original,non-native
Hydrocotyle sibthorpioides,Price1988,original,native
Hydrocotyle sibthorpioides,Mesaglio2022,original,native
Hymenosporum flavum,Mesaglio2022,original,non-native
Hypericum gramineum,Price1988,original,native
Hypericum gramineum,Mesaglio2022,original,native
Hypericum japonicum,Price1979,original,native
Hypericum perforatum,RawlingsNeff1990,original,non-native
Hypochaeris albiflora,Mesaglio2022,original,non-native
Hypochaeris glabra,Mesaglio2022,original,non-native
Hypochaeris glabra,Price1979,original,non-native
Hypochaeris radicata,RawlingsNeff1990,original,non-native
Hypochaeris radicata,Mesaglio2022,original,non-native
Hypochaeris radicata,Price1979,original,non-native
Hypoxis hygrometrica,Price1988,original,native
Hypoxis hygrometrica,Mesaglio2022,original,native
Hypoxis hygrometrica,Price1979,original,native
Imperata cylindrica,Price1988,original,native
Imperata cylindrica,Mesaglio2022,original,native
Imperata cylindrica,Price1979,original,native
Indigofera australis,Price1988,original,native
Indigofera australis,Mesaglio2022,original,native
Indigofera australis,Price1979,original,native
Ipomoea indica,RawlingsNeff1990,original,non-native
Ipomoea indica,Mesaglio2022,original,non-native
Ipomoea indica,Price1979,original,non-native
Ipomoea purpurea,Mesaglio2022,original,non-native
Iris germanica,Price1979,original,non-native
Iris sp.,RawlingsNeff1990,original,non-native
Isolepis cernua,GibsonBell1992,original,native
Isolepis cernua,Mesaglio2022,original,native
Isolepis sepulcralis ,RawlingsNeff1990,original,non-native
Isotoma fluviatilis,Price1979,original,native
Isotoma fluviatilis ,Price1988,original,native
Ixia sp.,RawlingsNeff1990,original,non-native
Jacaranda mimosifolia,Mesaglio2022,original,non-native
Jacksonia scoparia,Price1988,original,native
Jacksonia scoparia,Price1979,original,native
Juncus articulatus,Mesaglio2022,original,non-native
Juncus articulatus,Price1979,original,non-native
Juncus bufonius,Price1988,original,native
Juncus bufonius,Mesaglio2022,original,native
Juncus bufonius,Price1979,original,native
Juncus capitatus,RawlingsNeff1990,original,non-native
Juncus continuus,GibsonBell1992,original,native
Juncus homalocaulis,Price1988,original,native
Juncus homalocaulis,Price1979,original,native
Juncus imbricatus,Mesaglio2022,original,non-native
Juncus microcephalus,Mesaglio2022,original,non-native
Juncus mollis,Price1988,original,native
Juncus mollis,Price1979,original,native
Juncus planifolius,Price1988,original,native
Juncus planifolius,Mesaglio2022,original,native
Juncus planifolius,Price1979,original,native
Juncus polyanthemus,GibsonBell1992,original,native
Juncus procerus,Price1979,original,native
Juncus remotiflorus,GibsonBell1992,original,native
Juncus sp.,RawlingsNeff1990,original,non-native
Juncus subsecundus,GibsonBell1992,original,native
Juncus subsecundus,Mesaglio2022,original,native
Juncus usitatus,Price1988,original,native
Juncus usitatus,Mesaglio2022,original,native
Juncus usitatus,Price1979,original,native
Juncus vaginatus,Price1979,original,native
Kennedia rubicunda,Price1988,original,native
Kennedia rubicunda,Mesaglio2022,original,native
Kennedia rubicunda,Price1979,original,native
Kunzea ambigua,Price1988,original,native
Kunzea ambigua,Mesaglio2022,original,native
Kunzea ambigua,Price1979,original,native
Lachnagrostis aemula,Price1988,original,native
Lachnagrostis aemula,Price1979,original,native
Lachnagrostis filiformis,Price1988,original,native
Lachnagrostis filiformis,Mesaglio2022,original,native
Lachnagrostis filiformis,Price1979,original,native
Lactuca serriola,Mesaglio2022,original,non-native
Lactuca virosa,Mesaglio2022,original,non-native
Lagenophora sublyrata,Mesaglio2022,original,native
Lagenophora sublyrata,Price1979,amended,native
Lagenophora sublyrata ,Price1988,amended,native
Lagerstroemia indica,Price1979,original,non-native
Lagerstroemia speciosa,RawlingsNeff1990,original,non-native
Lamium amplexicaule,Mesaglio2022,original,non-native
Lantana camara,RawlingsNeff1990,original,non-native
Lantana camara,Mesaglio2022,original,non-native
Lantana camara,Price1979,original,non-native
Lasiopetalum parviflorum,Price1988,original,native
Lasiopetalum parviflorum,Mesaglio2022,original,native
Lasiopetalum parviflorum,Price1979,original,native
Laxmannia gracilis,Price1988,original,native
Laxmannia gracilis,Mesaglio2022,original,native
Laxmannia gracilis,Price1979,original,native
Lemna disperma,Mesaglio2022,original,native
Lepidium africanum,Mesaglio2022,original,non-native
Lepidium bonariense,Mesaglio2022,original,non-native
Lepidium bonariense,Price1979,original,non-native
Lepidium didymum,RawlingsNeff1990,original,non-native
Lepidium didymum,Mesaglio2022,original,non-native
Lepidium didymum,Price1979,original,non-native
Lepidosperma laterale,Price1988,original,native
Lepidosperma laterale,Mesaglio2022,original,native
Lepidosperma lineare,Price1988,original,native
Leptospermum polygalifolium,Mesaglio2022,original,native
Leptospermum polygalifolium ,Price1988,original,native
Leptospermum polygalifolium ,Price1979,original,native
Leptospermum trinervium,Price1988,original,native
Leptospermum trinervium,Mesaglio2022,original,native
Leptospermum trinervium,Price1979,original,native
Leucojum aestivum,Price1979,original,non-native
Leucopogon affinis,Price1988,original,native
Leucopogon affinis,Mesaglio2022,original,native
Leucopogon affinis,Price1979,original,native
Leucopogon juniperinus,Price1988,original,native
Leucopogon juniperinus,Mesaglio2022,original,native
Leucopogon juniperinus,Price1979,original,native
Ligustrum lucidum,RawlingsNeff1990,original,non-native
Ligustrum lucidum,Mesaglio2022,original,non-native
Ligustrum lucidum,Price1979,original,non-native
Ligustrum sinense,RawlingsNeff1990,original,non-native
Ligustrum sinense,Mesaglio2022,original,non-native
Ligustrum sinense,Price1979,original,non-native
Ligustrum vulgare,Mesaglio2022,original,non-native
Linum marginale,Price1988,original,native
Linum marginale,Mesaglio2022,original,native
Linum marginale,Price1979,original,native
Linum trigynum,Mesaglio2022,original,non-native
Linum trigynum,Price1979,original,non-native
Linum usitatissimum,Price1979,original,non-native
Lissanthe strigosa,Price1988,original,native
Lissanthe strigosa,Mesaglio2022,original,native
Lissanthe strigosa,Price1979,original,native
Livistona australis,Mesaglio2022,original,non-native
Lobelia anceps,GibsonBell1992,original,native
Lobelia anceps,Mesaglio2022,original,native
Lobelia anceps,Price1979,original,native
Lobelia purpurascens,Price1988,original,native
Lobelia purpurascens,Mesaglio2022,original,native
Lobularia maritima,Price1979,original,non-native
Lolium multiflorum,Mesaglio2022,original,non-native
Lolium multiflorum,Price1979,original,non-native
Lolium perenne,RawlingsNeff1990,original,non-native
Lolium perenne,Mesaglio2022,original,non-native
Lolium perenne,Price1979,original,non-native
Lolium rigidum,Mesaglio2022,original,non-native
Lolium sp.,RawlingsNeff1990,original,non-native
Lomandra filiformis,Mesaglio2022,original,native
Lomandra filiformis ,Price1988,original,native
Lomandra filiformis ,Price1979,original,native
Lomandra fluviatilis,Price1979,original,native
Lomandra longifolia,Price1988,original,native
Lomandra longifolia,Mesaglio2022,original,native
Lomandra longifolia,Price1979,original,native
Lomandra multiflora,Mesaglio2022,original,native
Lomandra multiflora,Price1979,original,native
Lomandra multiflora ,Price1988,original,native
Lonicera japonica,RawlingsNeff1990,original,non-native
Lonicera japonica,Mesaglio2022,original,non-native
Lonicera japonica,Price1979,original,non-native
Lotus angustissimus,RawlingsNeff1990,original,non-native
Lotus angustissimus,Mesaglio2022,original,non-native
Lotus angustissimus,Price1979,original,non-native
Lotus subbiflorus,Mesaglio2022,original,non-native
Ludwigia peruviana,Mesaglio2022,original,non-native
Lycium ferocissimum,Price1979,original,non-native
Lysimachia arvensis,RawlingsNeff1990,original,non-native
Lysimachia arvensis,Mesaglio2022,original,non-native
Lysimachia arvensis,Price1979,original,non-native
Lythrum hyssopifolia,Mesaglio2022,original,native
Lythrum hyssopifolia,Price1979,original,native
Macadamia integrifolia,Mesaglio2022,original,non-native
Macrozamia spiralis,Price1988,original,native
Macrozamia spiralis,Mesaglio2022,original,native
Macrozamia spiralis,Price1979,original,native
Maireana microphylla,Price1988,original,native
Malva nicaeensis,Mesaglio2022,original,non-native
Malva parviflora,RawlingsNeff1990,original,non-native
Malva parviflora,Mesaglio2022,original,non-native
Malva parviflora,Price1979,original,non-native
Medicago lupulina,Mesaglio2022,original,non-native
Medicago polymorpha,Mesaglio2022,original,non-native
Medicago polymorpha,Price1979,original,non-native
Medicago sativa,Price1979,original,non-native
Medicago sp.,RawlingsNeff1990,original,non-native
Megathyrsus maximus,Mesaglio2022,original,non-native
Melaleuca armillaris,RawlingsNeff1990,original,non-native
Melaleuca armillaris,Price1979,original,non-native
Melaleuca decora,Price1988,original,native
Melaleuca decora,Mesaglio2022,original,native
Melaleuca decora,Price1979,original,native
Melaleuca diosmatifolia,Mesaglio2022,original,native
Melaleuca diosmatifolia ,Price1988,original,native
Melaleuca diosmatifolia ,Price1979,original,native
Melaleuca ericifolia,Price1979,original,non-native
Melaleuca linariifolia,Price1988,original,native
Melaleuca linariifolia,Mesaglio2022,original,native
Melaleuca linariifolia,Price1979,original,native
Melaleuca nodosa,Price1988,original,native
Melaleuca nodosa,Mesaglio2022,original,native
Melaleuca nodosa,Price1979,original,native
Melaleuca styphelioides,Price1988,original,native
Melaleuca styphelioides,Mesaglio2022,original,native
Melaleuca styphelioides,Price1979,original,native
Melaleuca thymifolia,Mesaglio2022,original,non-native
Melaleuca thymifolia,Price1979,original,non-native
Melia azedarach,Mesaglio2022,original,native
Melilotus indicus,Price1979,original,non-native
Melinis repens,Mesaglio2022,original,non-native
Mentha × piperita,Price1979,original,non-native
Mentha diemenica,Price1988,amended,native
Mentha diemenica,Mesaglio2022,original,native
Mesembryanthemum cordifolium,Price1979,original,non-native
Microlaena stipoides,Price1988,original,native
Microlaena stipoides,Mesaglio2022,original,native
Microlaena stipoides,Price1979,original,native
Microtis sp.,GibsonBell1992,original,native
Mirabilis jalapa,Price1979,original,non-native
Misopates orontium,Mesaglio2022,original,non-native
Misopates orontium,Price1979,original,non-native
Mitrasacme polymorpha,Price1988,original,native
Modiola caroliniana,Mesaglio2022,original,non-native
Modiola caroliniana,Price1979,original,non-native
Morus alba,RawlingsNeff1990,original,non-native
Morus alba,Mesaglio2022,original,non-native
Morus alba,Price1979,original,non-native
Morus nigra,RawlingsNeff1990,original,non-native
Morus nigra,Price1979,original,non-native
Muellerina eucalyptoides,Price1988,original,native
Muellerina eucalyptoides,Mesaglio2022,original,native
Muellerina eucalyptoides,Price1979,original,native
Murraya paniculata,Mesaglio2022,original,non-native
Myoporum boninense,Price1988,amended,native
Myoporum boninense,Mesaglio2022,original,native
Myoporum boninense,Price1979,amended,native
Myosotis sylvatica,Price1979,original,non-native
Myriophyllum aquaticum,RawlingsNeff1990,original,non-native
Myrsine variabilis,Price1988,original,native
Myrsine variabilis,Mesaglio2022,original,native
Myrsine variabilis,Price1979,original,native
Nandina domestica,Mesaglio2022,original,non-native
Narcissus sp.,RawlingsNeff1990,original,non-native
Narcissus sp.,Price1979,amended,non-native
Nerium oleander,RawlingsNeff1990,original,non-native
Nerium oleander,Price1979,original,non-native
Notelaea longifolia,Mesaglio2022,original,native
Notelaea longifolia,Price1979,original,native
Notelaea longifolia ,Price1988,original,native
Notelaea ovata,Price1988,original,native
Notelaea ovata,Mesaglio2022,original,native
Notelaea ovata,Price1979,original,native
Nothoscordum borbonicum,RawlingsNeff1990,original,non-native
Nothoscordum borbonicum,Mesaglio2022,original,non-native
Nothoscordum borbonicum,Price1979,original,non-native
Nymphoides indica,RawlingsNeff1990,original,non-native
Ochna serrulata,RawlingsNeff1990,original,non-native
Ochna serrulata,Mesaglio2022,original,non-native
Ochna serrulata,Price1979,original,non-native
Oenothera indecora,Mesaglio2022,original,non-native
Olea europaea,Mesaglio2022,original,non-native
Olea europaea ,RawlingsNeff1990,original,non-native
Olearia microphylla,Price1988,original,native
Olearia microphylla,Mesaglio2022,original,native
Olearia microphylla,Price1979,original,native
Olearia viscidula,Price1988,original,native
Olearia viscidula,Mesaglio2022,original,native
Omphacomeria acerba,Price1988,original,native
Opercularia aspera,Price1988,original,native
Opercularia aspera,Price1979,original,native
Opercularia diphylla,Price1988,original,native
Opercularia diphylla,Mesaglio2022,original,native
Opercularia diphylla,Price1979,original,native
Opercularia varia,Price1988,original,native
Opercularia varia,Mesaglio2022,original,native
Opercularia varia,Price1979,original,native
Oplismenus hirtellus,Price1988,original,native
Oplismenus hirtellus,Mesaglio2022,original,native
Oplismenus hirtellus,Price1979,original,native
Opuntia monacantha,Mesaglio2022,original,non-native
Opuntia stricta,RawlingsNeff1990,original,non-native
Opuntia stricta,Price1979,original,non-native
Oxalis articulata,Price1979,original,non-native
Oxalis corniculata,Mesaglio2022,original,non-native
Oxalis corniculata,Price1979,original,non-native
Oxalis corymbosa,Price1979,original,non-native
Oxalis debilis,Mesaglio2022,original,non-native
Oxalis latifolia,Mesaglio2022,original,non-native
Oxalis latifolia,Price1979,original,non-native
Oxalis perennans,GibsonBell1992,original,native
Oxalis perennans,Mesaglio2022,original,native
Oxalis pes-caprae,Mesaglio2022,original,non-native
Oxalis pes-caprae,Price1979,original,non-native
Oxalis radicosa,Mesaglio2022,original,native
Oxalis sp.,RawlingsNeff1990,original,non-native
Oxalis thompsoniae,GibsonBell1992,original,native
Oxalis thompsoniae,Mesaglio2022,original,native
Ozothamnus diosmifolius,Price1988,original,native
Ozothamnus diosmifolius,Mesaglio2022,original,native
Ozothamnus diosmifolius,Price1979,original,native
Pandorea pandorana,Price1988,original,native
Pandorea pandorana,Mesaglio2022,original,native
Pandorea pandorana,Price1979,original,native
Panicum effusum,Price1988,original,native
Panicum simile,Price1988,original,native
Panicum simile,Mesaglio2022,original,native
Papaver dubium,Mesaglio2022,original,non-native
Papaver hybridum,RawlingsNeff1990,original,non-native
Papaver hybridum,Price1979,original,non-native
Papaver somniferum,Mesaglio2022,original,non-native
Papaver somniferum ,RawlingsNeff1990,original,non-native
Papaver somniferum ,Price1979,original,non-native
Parietaria judaica,Mesaglio2022,original,non-native
Paronychia brasiliana,Mesaglio2022,original,non-native
Parsonsia straminea,Price1979,original,native
Paspalidium aversum,Price1988,original,native
Paspalidium aversum,Price1979,original,native
Paspalidium criniforme,Price1988,original,native
Paspalidium criniforme,Mesaglio2022,original,native
Paspalidium distans,Price1988,original,native
Paspalidium distans,Mesaglio2022,original,native
Paspalum dilatatum,RawlingsNeff1990,original,non-native
Paspalum dilatatum,Mesaglio2022,original,non-native
Paspalum dilatatum,Price1979,original,non-native
Paspalum quadrifarium,RawlingsNeff1990,original,non-native
Paspalum quadrifarium,Mesaglio2022,original,non-native
Paspalum quadrifarium,Price1979,original,non-native
Paspalum urvillei,Mesaglio2022,original,non-native
Paspalum vaginatum,Price1988,original,native
Passiflora edulis,Mesaglio2022,original,non-native
Passiflora suberosa,Mesaglio2022,original,non-native
Pavonia hastata,Mesaglio2022,original,non-native
Pelargonium × domesticum,Price1979,original,non-native
Pelargonium inodorum,Price1988,original,native
Pelargonium inodorum,Mesaglio2022,original,native
Pelargonium inodorum,Price1979,original,native
Pelargonium sp.,RawlingsNeff1990,original,non-native
Pellaea falcata,Price1988,original,native
Pellaea falcata,Mesaglio2022,original,native
Pellaea falcata,Price1979,original,native
Pellaea viridis,Mesaglio2022,original,non-native
Persicaria decipiens,Price1988,original,native
Persicaria decipiens,Mesaglio2022,original,native
Persicaria decipiens,Price1979,original,native
Persicaria lapathifolia,Price1988,original,native
Persicaria lapathifolia,Mesaglio2022,original,native
Persicaria lapathifolia,Price1979,original,native
Persoonia linearis,Price1988,original,native
Persoonia linearis,Mesaglio2022,original,native
Persoonia linearis,Price1979,original,native
Petrorhagia dubia,Mesaglio2022,original,non-native
Petrorhagia dubia ,Price1979,original,non-native
Petrorhagia nanteuilii,Mesaglio2022,original,non-native
Petrorhagia nanteuilii,Price1979,original,non-native
Petroselinum crispum,Mesaglio2022,original,non-native
Phalaris aquatica,Mesaglio2022,original,non-native
Phalaris aquatica,Price1979,original,non-native
Phalaris minor,Price1979,original,non-native
Phalaris sp.,RawlingsNeff1990,original,non-native
Phoenix canariensis,Mesaglio2022,original,non-native
Phormium cookianum,Price1979,original,non-native
Photinia glabra,RawlingsNeff1990,original,non-native
Photinia glabra,Price1979,original,non-native
Phragmites australis,Price1988,original,native
Phragmites australis,Mesaglio2022,original,native
Phragmites australis,Price1979,original,native
Phyllanthus gunnii,Price1988,original,native
Phyllanthus gunnii,Mesaglio2022,original,native
Phyllanthus gunnii,Price1979,original,native
Phytolacca octandra,RawlingsNeff1990,original,non-native
Phytolacca octandra,Mesaglio2022,original,non-native
Phytolacca octandra,Price1979,original,non-native
Picris angustifolia ,Price1979,original,native
Pimelea linifolia,Price1988,original,native
Pimelea linifolia,Mesaglio2022,original,native
Pimelea linifolia,Price1979,original,native
Pistacia chinensis,Mesaglio2022,original,non-native
Pittosporum multiflorum,GibsonBell1992,original,native
Pittosporum multiflorum,Mesaglio2022,original,native
Pittosporum revolutum,Price1988,original,native
Pittosporum revolutum,Mesaglio2022,original,native
Pittosporum revolutum,Price1979,original,native
Pittosporum undulatum,Price1988,original,native
Pittosporum undulatum,Mesaglio2022,original,native
Pittosporum undulatum,Price1979,original,native
Plantago coronopus,RawlingsNeff1990,original,non-native
Plantago debilis,GibsonBell1992,original,native
Plantago debilis,Mesaglio2022,original,native
Plantago lanceolata,RawlingsNeff1990,original,non-native
Plantago lanceolata,Mesaglio2022,original,non-native
Plantago lanceolata,Price1979,original,non-native
Plantago major,Mesaglio2022,original,non-native
Plantago myosuros,Mesaglio2022,original,non-native
Plantago sp.,RawlingsNeff1990,original,non-native
Plantago varia,Price1988,amended,native
Plantago varia,Price1979,original,native
Plectranthus parviflorus,Price1988,original,native
Plectranthus parviflorus,Mesaglio2022,original,native
Poa affinis,Price1988,amended,native
Poa affinis,Price1979,original,native
Poa annua,RawlingsNeff1990,original,non-native
Poa annua,Mesaglio2022,original,non-native
Poa annua,Price1979,original,non-native
Poa labillardierei ,Price1988,original,native
Poa pratensis,Price1979,original,non-native
Poa sieberiana,Mesaglio2022,original,native
Poa sieberiana ,Price1988,original,native
Poa sieberiana ,Price1979,original,native
Polycarpon tetraphyllum,Mesaglio2022,original,non-native
Polycarpon tetraphyllum,Price1979,original,non-native
Polygala japonica,GibsonBell1992,original,native
Polygala virgata,Mesaglio2022,original,non-native
Polygonum aviculare,RawlingsNeff1990,original,non-native
Polygonum aviculare,Mesaglio2022,original,non-native
Polygonum aviculare,Price1979,original,non-native
Polymeria calycina,Price1988,original,native
Polymeria calycina,Mesaglio2022,original,native
Polymeria calycina,Price1979,original,native
Polypogon monspeliensis,Price1979,original,non-native
Polypogon viridis,Mesaglio2022,original,non-native
Polyscias sambucifolia,Price1988,original,native
Polyscias sambucifolia,Mesaglio2022,original,native
Polyscias sambucifolia,Price1979,original,native
Pomaderris discolor,Mesaglio2022,original,native
Pomaderris ferruginea,Price1988,original,native
Pomaderris ferruginea,Price1979,original,native
Pomaderris lanigera,Price1988,original,native
Pomaderris lanigera,Price1979,original,native
Pontederia crassipes,RawlingsNeff1990,original,non-native
Poranthera microphylla,Price1988,original,native
Poranthera microphylla,Mesaglio2022,original,native
Poranthera microphylla,Price1979,original,native
Portulaca oleracea,Price1988,amended,native
Portulaca oleracea,Mesaglio2022,original,native
Portulaca oleracea,Price1979,original,native
Portulaca sp.,RawlingsNeff1990,original,non-native
Potamogeton crispus,Mesaglio2022,original,native
Primula malacoides,Price1979,original,non-native
Prunus domestica,Price1979,original,non-native
Prunus persica,Price1979,original,non-native
Prunus sp.,RawlingsNeff1990,original,non-native
Pseudognaphalium luteoalbum,Price1988,original,native
Pseudognaphalium luteoalbum,Mesaglio2022,original,native
Pseudognaphalium luteoalbum,Price1979,original,native
Pteridium esculentum,Price1988,original,native
Pteridium esculentum,Mesaglio2022,original,native
Pteridium esculentum,Price1979,original,native
Pteris tremula,Mesaglio2022,original,native
Pterostylis nutans,Price1988,original,native
Pterostylis nutans,Mesaglio2022,original,native
Pterostylis nutans,Price1979,original,native
Pterostylis oblonga,Mesaglio2022,original,native
Pterostylis rufa,Mesaglio2022,original,native
Pullenia gunnii,Mesaglio2022,original,native
Pultenaea retusa,Price1988,original,native
Pultenaea retusa,Price1979,original,native
Pultenaea villosa,Price1988,original,native
Pultenaea villosa,Mesaglio2022,original,native
Pultenaea villosa,Price1979,original,native
Pyracantha crenulata,Mesaglio2022,original,non-native
Ranunculus lappaceus,Price1988,original,native
Ranunculus lappaceus,Price1979,original,native
Ranunculus repens,RawlingsNeff1990,original,non-native
Ranunculus sceleratus,Mesaglio2022,original,non-native
Raphanus raphanistrum,Mesaglio2022,original,non-native
Rhamnus alaternus,Mesaglio2022,original,non-native
Richardia stellaris,Mesaglio2022,original,non-native
Richardia stellaris,Price1979,original,non-native
Ricinus communis,RawlingsNeff1990,original,non-native
Ricinus communis,Mesaglio2022,original,non-native
Ricinus communis,Price1979,original,non-native
Romulea rosea,RawlingsNeff1990,original,non-native
Romulea rosea,Mesaglio2022,original,non-native
Romulea rosea ,Price1979,original,non-native
Rorippa nasturtium-aquaticum,RawlingsNeff1990,original,non-native
Rorippa nasturtium-aquaticum,Mesaglio2022,original,non-native
Rorippa nasturtium-aquaticum,Price1979,original,non-native
Rosa sp.,Price1979,original,non-native
Rothmannia globosa,Mesaglio2022,original,non-native
Rubus anglocandicans,Mesaglio2022,original,non-native
Rubus laciniatus,RawlingsNeff1990,original,non-native
Rubus laciniatus,Price1979,original,non-native
Rubus parvifolius,Price1988,original,native
Rubus parvifolius,Mesaglio2022,original,native
Rumex brownii,Price1988,original,native
Rumex brownii,Mesaglio2022,original,native
Rumex brownii,Price1979,original,native
Rumex conglomeratus,Mesaglio2022,original,non-native
Rumex conglomeratus,Price1979,original,non-native
Rumex crispus,RawlingsNeff1990,original,non-native
Rumex crispus,Mesaglio2022,original,non-native
Rumex crispus,Price1979,original,non-native
Rumex sagittatus,Mesaglio2022,original,non-native
Rytidosperma bipartitum ,Price1988,original,native
Rytidosperma erianthum,Mesaglio2022,original,native
Rytidosperma fulvum,Mesaglio2022,original,native
Rytidosperma fulvum ,Price1988,original,native
Rytidosperma longifolium ,Price1988,original,native
Rytidosperma longifolium ,Price1979,original,native
Rytidosperma pallidum,Mesaglio2022,original,native
Rytidosperma racemosum ,Price1988,original,native
Rytidosperma racemosum ,Price1979,original,native
Rytidosperma setaceum,Mesaglio2022,original,native
Rytidosperma setaceum ,Price1988,original,native
Rytidosperma setaceum ,Price1979,original,native
Rytidosperma tenuius,Mesaglio2022,original,native
Rytidosperma tenuius,Price1979,original,native
Rytidosperma tenuius ,Price1988,original,native
Sagittaria platyphylla,RawlingsNeff1990,original,non-native
Sagittaria platyphylla,Price1979,original,non-native
Salix babylonica,RawlingsNeff1990,original,non-native
Salix babylonica,Mesaglio2022,original,non-native
Salix babylonica,Price1979,original,non-native
Sarcopetalum harveyanum,Price1988,original,native
Sarcopetalum harveyanum,Mesaglio2022,original,native
Scaevola albida,Price1988,original,native
Scaevola albida,Mesaglio2022,original,native
Scaevola albida,Price1979,original,native
Schoenoplectus tabernaemontani,Mesaglio2022,original,native
Schoenus apogon,GibsonBell1992,original,native
Schoenus apogon,Mesaglio2022,original,native
Scutellaria racemosa,RawlingsNeff1990,original,non-native
Scutellaria racemosa,Mesaglio2022,original,non-native
Scutellaria racemosa,Price1979,original,non-native
Sedum praealtum,Price1979,original,non-native
Senecio bathurstianus,Price1988,original,native
Senecio hispidulus,Price1988,original,native
Senecio hispidulus,Mesaglio2022,original,native
Senecio hispidulus,Price1979,original,native
Senecio linearifolius,Price1988,original,native
Senecio linearifolius,Price1979,original,native
Senecio madagascariensis,RawlingsNeff1990,original,non-native
Senecio madagascariensis,Mesaglio2022,original,non-native
Senecio madagascariensis,Price1979,amended,non-native
Senecio pinnatifolius,Mesaglio2022,original,native
Senecio quadridentatus,Price1988,original,native
Senecio quadridentatus,Price1979,original,native
Senecio sp.,RawlingsNeff1990,original,non-native
Senna pendula,Mesaglio2022,original,non-native
Senna pendula ,Price1979,original,non-native
Setaria palmifolia,RawlingsNeff1990,original,non-native
Setaria palmifolia,Price1979,original,non-native
Setaria parviflora,RawlingsNeff1990,original,non-native
Setaria parviflora,Mesaglio2022,original,non-native
Setaria parviflora,Price1979,original,non-native
Setaria pumila,RawlingsNeff1990,original,non-native
Setaria pumila,Mesaglio2022,original,non-native
Setaria pumila,Price1979,original,non-native
Sida rhombifolia,RawlingsNeff1990,original,non-native
Sida rhombifolia,Mesaglio2022,original,non-native
Sida rhombifolia,Price1979,original,non-native
Sigesbeckia orientalis,Mesaglio2022,original,native
Silene gallica,RawlingsNeff1990,original,non-native
Silene gallica,Mesaglio2022,original,non-native
Silene gallica ,Price1979,original,non-native
Silybum marianum,Price1979,original,non-native
Sisymbrium officinale,Price1979,original,non-native
Sisymbrium orientale,Price1979,original,non-native
Sisyrinchium micranthum,RawlingsNeff1990,amended,non-native
Sisyrinchium micranthum,Price1979,original,non-native
Sisyrinchium rosulatum,Mesaglio2022,original,non-native
Solanum americanum,Mesaglio2022,original,non-native
Solanum americanum,Price1979,original,non-native
Solanum chenopodioides,Mesaglio2022,original,non-native
Solanum linnaeanum,Price1979,original,non-native
Solanum lycopersicum,Mesaglio2022,original,non-native
Solanum mauritianum,RawlingsNeff1990,original,non-native
Solanum mauritianum,Mesaglio2022,original,non-native
Solanum mauritianum,Price1979,original,non-native
Solanum nigrum,RawlingsNeff1990,original,non-native
Solanum nigrum,Mesaglio2022,original,non-native
Solanum nigrum,Price1979,original,non-native
Solanum pseudocapsicum,RawlingsNeff1990,original,non-native
Solanum pseudocapsicum,Mesaglio2022,original,non-native
Solanum pseudocapsicum,Price1979,original,non-native
Solanum seaforthianum,Mesaglio2022,original,non-native
Solenogyne bellioides,Price1988,original,native
Solenogyne bellioides,Mesaglio2022,original,native
Solenogyne bellioides ,Price1979,original,native
Solenogyne dominii,Mesaglio2022,original,native
Soliva anthemifolia,Price1979,original,non-native
Soliva sessilis,Mesaglio2022,original,non-native
Soliva sessilis,Price1979,original,non-native
Sonchus asper,Mesaglio2022,original,non-native
Sonchus asper,Price1979,original,non-native
Sonchus oleraceus,RawlingsNeff1990,original,non-native
Sonchus oleraceus,Mesaglio2022,original,non-native
Sonchus oleraceus,Price1979,original,non-native
Sorghum halepense,RawlingsNeff1990,original,non-native
Sorghum halepense,Mesaglio2022,original,non-native
Sorghum halepense,Price1979,original,non-native
Sorghum leiocladum,Price1979,original,non-native
Sparaxis sp.,RawlingsNeff1990,original,non-native
Sparaxis sp.,Price1979,original,non-native
Spergularia levis,Mesaglio2022,original,non-native
Spergularia rubra,Price1979,original,non-native
Sphaeromorphaea australis,GibsonBell1992,original,native
Spiraea cantoniensis,Price1979,original,non-native
Sporobolus africanus,RawlingsNeff1990,original,non-native
Sporobolus africanus,Mesaglio2022,original,non-native
Sporobolus africanus,Price1979,original,non-native
Sporobolus creber,Mesaglio2022,original,native
Sporobolus elongatus,Price1988,original,native
Sporobolus elongatus,Price1979,original,native
Stachys arvensis,RawlingsNeff1990,original,non-native
Stachys arvensis,Mesaglio2022,original,non-native
Stachys arvensis,Price1979,original,non-native
Stackhousia muricata,Price1988,amended,native
Stackhousia muricata,Mesaglio2022,original,native
Stackhousia muricata,Price1979,amended,native
Stellaria media,Mesaglio2022,original,non-native
Stellaria media,Price1979,original,non-native
Stenotaphrum secundatum,RawlingsNeff1990,original,non-native
Stenotaphrum secundatum,Mesaglio2022,original,non-native
Stenotaphrum secundatum,Price1979,original,non-native
Syagrus romanzoffiana,Mesaglio2022,original,non-native
Symphyotrichum subulatum,RawlingsNeff1990,original,non-native
Symphyotrichum subulatum,Mesaglio2022,original,non-native
Symphyotrichum subulatum,Price1979,original,non-native
Syncarpia glomulifera,Price1979,original,native
Syzygium floribundum,Mesaglio2022,original,non-native
Syzygium oleosum,Mesaglio2022,original,non-native
Taraxacum officinale,RawlingsNeff1990,original,non-native
Taraxacum officinale,Mesaglio2022,original,non-native
Tecoma stans,Mesaglio2022,original,non-native
Tetragonia tetragonoides,Mesaglio2022,original,native
Thelymitra pauciflora,Price1988,original,native
Thelymitra pauciflora,Price1979,original,native
Themeda triandra,Price1988,original,native
Themeda triandra,Mesaglio2022,original,native
Themeda triandra,Price1979,original,native
Thysanotus tuberosus,Price1988,original,native
Thysanotus tuberosus,Mesaglio2022,original,native
Thysanotus tuberosus,Price1979,original,native
Tradescantia fluminensis,RawlingsNeff1990,original,non-native
Tradescantia fluminensis,Mesaglio2022,original,non-native
Tradescantia fluminensis,Price1979,original,non-native
Tragopogon porrifolius,Price1979,original,non-native
Tricoryne elatior,Price1988,original,native
Tricoryne simplex,Price1988,original,native
Trifolium arvense,RawlingsNeff1990,original,non-native
Trifolium arvense,Price1979,original,non-native
Trifolium campestre,Mesaglio2022,original,non-native
Trifolium campestre,Price1979,original,non-native
Trifolium dubium,Mesaglio2022,original,non-native
Trifolium dubium,Price1979,original,non-native
Trifolium glomeratum,Mesaglio2022,original,non-native
Trifolium glomeratum,Price1979,original,non-native
Trifolium pratense,Price1979,original,non-native
Trifolium repens,RawlingsNeff1990,original,non-native
Trifolium repens,Mesaglio2022,original,non-native
Trifolium repens,Price1979,original,non-native
Trifolium sp.,RawlingsNeff1990,original,non-native
Triglochin striata,GibsonBell1992,original,native
Triglochin striata,Mesaglio2022,original,native
Triptilodiscus pygmaeus,Price1988,original,native
Triptilodiscus pygmaeus,Mesaglio2022,original,native
Triptilodiscus pygmaeus,Price1979,original,native
Triticum aestivum,Price1979,original,non-native
Tropaeolum majus,RawlingsNeff1990,original,non-native
Tropaeolum majus,Mesaglio2022,original,non-native
Tropaeolum majus,Price1979,original,non-native
Typha domingensis,Price1988,original,native
Typha orientalis,Price1988,original,native
Typha orientalis,Mesaglio2022,original,native
Typha orientalis,Price1979,original,native
Ulmus parvifolia,Mesaglio2022,original,non-native
Urochloa foliosa,Price1979,original,native
Urochloa foliosa ,Price1988,original,native
Urospermum picroides,Mesaglio2022,original,non-native
Verbascum virgatum,Mesaglio2022,original,non-native
Verbena bonariensis,RawlingsNeff1990,original,non-native
Verbena bonariensis,Mesaglio2022,original,non-native
Verbena bonariensis,Price1979,original,non-native
Verbena officinalis,Price1979,original,non-native
Verbena quadrangularis,Mesaglio2022,original,non-native
Veronica anagallis-aquatica,Mesaglio2022,original,non-native
Veronica arvensis,Mesaglio2022,original,non-native
Veronica calycina,Price1988,original,native
Veronica persica,Mesaglio2022,original,non-native
Veronica persica,Price1979,original,non-native
Veronica plebeia,Price1988,original,native
Veronica plebeia,Mesaglio2022,original,native
Vicia hirsuta,Mesaglio2022,original,non-native
Vicia hirsuta,Price1979,original,non-native
Vicia sativa,Mesaglio2022,original,non-native
Vicia sativa,Price1979,original,non-native
Vicia tetrasperma,Mesaglio2022,original,non-native
Vicia tetrasperma,Price1979,original,non-native
Vinca sp.,RawlingsNeff1990,original,non-native
Vincetoxicum barbatum,Price1988,original,native
Vincetoxicum barbatum,Mesaglio2022,original,native
Vincetoxicum barbatum,Price1979,original,native
Vincetoxicum woollsii,Mesaglio2022,original,native
Viola betonicifolia,Price1988,original,native
Viola betonicifolia,Price1979,original,native
Vittadinia cuneata,Price1988,original,native
Vittadinia cuneata,Mesaglio2022,original,native
Vittadinia muelleri,Price1988,original,native
Vittadinia muelleri,Price1979,original,native
Vittadinia sulcata,Mesaglio2022,original,native
Vulpia bromoides,RawlingsNeff1990,original,non-native
Vulpia bromoides,Mesaglio2022,original,non-native
Vulpia bromoides,Price1979,original,non-native
Vulpia muralis,Mesaglio2022,original,non-native
Vulpia myuros,Price1979,original,non-native
Vulpia myuros ,RawlingsNeff1990,original,non-native
Wahlenbergia capillaris,Price1988,original,native
Wahlenbergia capillaris,Price1979,original,native
Wahlenbergia gracilis,Price1988,original,native
Wahlenbergia gracilis,Mesaglio2022,original,native
Wahlenbergia gracilis,Price1979,original,native
Wahlenbergia stricta,Price1988,original,native
Wahlenbergia stricta,Price1979,original,native
Watsonia meriana,Mesaglio2022,original,non-native
Watsonia meriana ,RawlingsNeff1990,original,non-native
Watsonia meriana ,Price1979,original,non-native
Xanthorrhoea minor,Price1988,amended,native
Xanthorrhoea minor,Mesaglio2022,original,native
Xanthorrhoea minor,Price1979,amended,native
Zantedeschia aethiopica,RawlingsNeff1990,original,non-native
Zantedeschia aethiopica,Price1979,original,non-native
Zieria smithii,Price1988,original,native
Zieria smithii,Mesaglio2022,original,native
Zieria smithii,Price1979,original,native
Zornia dyctiocarpa,Price1988,original,native
Zornia dyctiocarpa,Mesaglio2022,original,native
Zornia dyctiocarpa,Price1979,original,native
