taxon_name,family,species_author,mesaglio_2024,maximum_height_metres,dispersal_syndrome,growth_habit,life_history,photosynthetic_pathway,fire_response,water_association,status,dispersal_coarse
Brunoniella australis,Acanthaceae,Brunoniella australis (Cav.) Bremek.,yes,0.2,barochory,herb,perennial,c3,resprouting_possible,no,persister,abiotic
Brunoniella pumilio,Acanthaceae,Brunoniella pumilio (R.Br.) Bremek.,yes,0.09,barochory,herb,perennial,c3,resprouting_possible,no,persister,abiotic
Alternanthera denticulata,Amaranthaceae,Alternanthera denticulata R.Br.,yes,0.9,hydrochory,herb,perennial,c3,fire_killed,yes,persister,abiotic
Centella asiatica,Apiaceae,Centella asiatica (L.) Urb.,yes,0.4,barochory,herb,perennial,c3,resprouting_possible,yes,persister,abiotic
Parsonsia straminea,Apocynaceae,Parsonsia straminea (R.Br.) F.Muell.,no,30,anemochory,climber_woody,perennial,c3,resprouting_possible,no,extinct,abiotic
Vincetoxicum barbatum,Apocynaceae,Vincetoxicum barbatum (R.Br.) Kuntze,yes,2,anemochory,climber,perennial,c3,resprouting_possible,no,persister,abiotic
Hydrocotyle sibthorpioides,Araliaceae,Hydrocotyle sibthorpioides Lam.,yes,0.15,mixed,herb,perennial,c3,resprouting_possible,yes,persister,mixed
Polyscias sambucifolia,Araliaceae,Polyscias sambucifolia (Sieber ex DC.) Harms,yes,11,endozoochory,tree,perennial,c3,resprouting_possible,no,persister,biotic
Lomandra fluviatilis,Asparagaceae,Lomandra fluviatilis (R.Br.) A.T.Lee,no,0.75,mixed,herb,perennial,c3,resprouting_possible,yes,extinct,mixed
Arthropodium minus,Asparagaceae,Arthropodium minus R.Br.,no,0.55,barochory,herb,perennial,c3,resprouting_possible,no,extinct,abiotic
Arthropodium strictum,Asparagaceae,Arthropodium strictum R.Br.,no,1.2,barochory,herb,perennial,c3,resprouting_possible,no,extinct,abiotic
Thysanotus tuberosus,Asparagaceae,Thysanotus tuberosus R.Br.,yes,0.7,myrmecochory,herb,perennial,c3,resprouting_possible,no,persister,biotic
Lomandra filiformis,Asparagaceae,Lomandra filiformis (Thunb.) Britten,yes,0.54,myrmecochory,graminoid,perennial,c3,resprouting_possible,no,persister,biotic
Lomandra longifolia,Asparagaceae,Lomandra longifolia Labill.,yes,1,myrmecochory,graminoid,perennial,c3,resprouting_possible,no,persister,biotic
Lomandra multiflora,Asparagaceae,Lomandra multiflora (R.Br.) Britten,yes,0.3,myrmecochory,graminoid,perennial,c3,resprouting_possible,no,persister,biotic
Eustrephus latifolius,Asparagaceae,Eustrephus latifolius R.Br.,yes,10,endozoochory,climber,perennial,c3,resprouting_possible,no,persister,biotic
Laxmannia gracilis,Asparagaceae,Laxmannia gracilis R.Br.,yes,0.4,barochory,herb,perennial,c3,resprouting_possible,no,persister,abiotic
Brachyscome graminea,Asteraceae,Brachyscome graminea (Labill.) F.Muell.,no,0.7,zoochory,herb,perennial,c3,resprouting_possible,no,extinct,biotic
Coronidium scorpioides,Asteraceae,Coronidium scorpioides (Labill.) Paul G.Wilson,no,0.901,anemochory,herb,perennial,c3,resprouting_possible,no,extinct,abiotic
Euchiton japonicus,Asteraceae,Euchiton japonicus (Thunb.) Holub,no,0.6,anemochory,herb,perennial,c3,resprouting_possible,no,extinct,abiotic
Vittadinia muelleri,Asteraceae,Vittadinia muelleri N.T.Burb.,no,0.3,anemochory,herb,perennial,c3,resprouting_possible,no,extinct,abiotic
Sphaeromorphaea australis,Asteraceae,Sphaeromorphaea australis (Less.) Kitam.,no,0.3,epizoochory,herb,perennial,c3,fire_killed,no,extinct,biotic
Senecio linearifolius,Asteraceae,Senecio linearifolius A.Rich.,no,2,anemochory,subshrub,perennial,c3,fire_killed,no,extinct,abiotic
Picris angustifolia,Asteraceae,Picris angustifolia DC.,no,1.4,anemochory,herb,perennial,c3,fire_killed,no,extinct,abiotic
Senecio quadridentatus,Asteraceae,Senecio quadridentatus Labill.,no,1.5,anemochory,herb,perennial,c3,fire_killed,no,extinct,abiotic
Senecio bathurstianus,Asteraceae,Senecio bathurstianus (DC.) Sch.Bip.,no,1.5,anemochory,herb,annual,c3,fire_killed,no,extinct,abiotic
Centipeda minima,Asteraceae,Centipeda minima (L.) A.Braun & Asch.,yes,0.2,epizoochory,herb,perennial,c3,fire_killed,yes,persister,biotic
Brachyscome triloba,Asteraceae,Brachyscome triloba Gaudich.,yes,0.32,zoochory,herb,perennial,c3,resprouting_possible,no,persister,biotic
Lagenophora sublyrata,Asteraceae,Lagenophora sublyrata (Cass.) A.R.Bean & Jian Wang ter,yes,0.07,mixed,herb,perennial,c3,resprouting_possible,no,persister,mixed
Solenogyne bellioides,Asteraceae,Solenogyne bellioides Cass.,yes,0.18,mixed,herb,perennial,c3,resprouting_possible,no,persister,mixed
Calotis lappulacea,Asteraceae,Calotis lappulacea Benth.,yes,0.5,epizoochory,shrub,perennial,c3,resprouting_possible,no,persister,biotic
Calotis cuneifolia,Asteraceae,Calotis cuneifolia R.Br.,yes,0.6,epizoochory,herb,perennial,c3,resprouting_possible,no,persister,biotic
Vittadinia cuneata,Asteraceae,Vittadinia cuneata DC.,yes,0.4,anemochory,subshrub,perennial,c3,resprouting_possible,no,persister,abiotic
Olearia microphylla,Asteraceae,Olearia microphylla (Vent.) Maiden & Betche,yes,2,anemochory,shrub,perennial,c3,resprouting_possible,no,persister,abiotic
Olearia viscidula,Asteraceae,Olearia viscidula (F.Muell.) Benth.,yes,2.5,anemochory,shrub,perennial,c3,resprouting_possible,no,persister,abiotic
Ozothamnus diosmifolius,Asteraceae,Ozothamnus diosmifolius (Vent.) DC.,yes,5,anemochory,shrub,perennial,c3,resprouting_possible,no,persister,abiotic
Chrysocephalum apiculatum,Asteraceae,Chrysocephalum apiculatum (Labill.) Steetz,yes,0.8,anemochory,herb,perennial,c3,resprouting_possible,no,persister,abiotic
Senecio hispidulus,Asteraceae,Senecio hispidulus A.Rich.,yes,1.5,anemochory,herb,perennial,c3,resprouting_possible,no,persister,abiotic
Glossocardia bidens,Asteraceae,Glossocardia bidens (Retz.) Veldkamp,yes,0.5,epizoochory,herb,perennial,c4,fire_killed,no,persister,biotic
Cotula australis,Asteraceae,Cotula australis (Sieber ex Spreng.) Hook.f.,yes,0.2,mixed,herb,perennial,c3,fire_killed,no,persister,mixed
Cassinia sifton,Asteraceae,Cassinia sifton Orchard,yes,2,anemochory,shrub,perennial,c3,fire_killed,no,persister,abiotic
Cyanthillium cinereum,Asteraceae,Cyanthillium cinereum (L.) H.Rob.,yes,1.25,anemochory,herb,annual,c3,fire_killed,no,persister,abiotic
Euchiton sphaericus,Asteraceae,Euchiton sphaericus (Willd.) Holub,yes,1,anemochory,herb,annual,c3,fire_killed,no,persister,abiotic
Pseudognaphalium luteoalbum,Asteraceae,Pseudognaphalium luteoalbum (L.) Hilliard & B.L.Burtt,yes,0.7,anemochory,herb,annual,c3,fire_killed,no,persister,abiotic
Triptilodiscus pygmaeus,Asteraceae,Triptilodiscus pygmaeus Turcz.,yes,0.2,anemochory,herb,annual,c3,fire_killed,no,persister,abiotic
Pandorea pandorana,Bignoniaceae,Pandorea pandorana (Andrews) Steenis,yes,43,anemochory,climber_woody,perennial,c3,resprouting_possible,no,persister,abiotic
Cardamine lilacina,Brassicaceae,Cardamine lilacina Hook.,no,0.5,epizoochory,herb,perennial,c3,resprouting_possible,no,extinct,biotic
Isotoma fluviatilis,Campanulaceae,Isotoma fluviatilis (R.Br.) F.Muell. ex Benth.,no,0.1,zoochory,herb,perennial,c3,resprouting_possible,yes,extinct,biotic
Wahlenbergia capillaris,Campanulaceae,Wahlenbergia capillaris (G.Lodd.) G.Don,no,0.75,mixed,herb,perennial,c3,resprouting_possible,no,extinct,mixed
Wahlenbergia stricta,Campanulaceae,Wahlenbergia stricta (R.Br.) Sweet,no,0.9,barochory,herb,perennial,c3,resprouting_possible,no,extinct,abiotic
Lobelia anceps,Campanulaceae,Lobelia anceps L.f.,yes,1.2,mixed,herb,perennial,c3,resprouting_possible,yes,persister,mixed
Lobelia purpurascens,Campanulaceae,Lobelia purpurascens R.Br.,yes,0.28,mixed,herb,perennial,c3,resprouting_possible,no,persister,mixed
Wahlenbergia gracilis,Campanulaceae,Wahlenbergia gracilis (G.Forst.) A.DC.,yes,0.8,anemochory,herb,perennial,c3,resprouting_possible,no,persister,abiotic
Casuarina glauca,Casuarinaceae,Casuarina glauca Sieber ex Spreng.,yes,20,anemochory,tree,perennial,c3,resprouting_possible,yes,persister,abiotic
Allocasuarina torulosa,Casuarinaceae,Allocasuarina torulosa (Aiton) L.A.S.Johnson,yes,20,anemochory,tree,perennial,c3,resprouting_possible,no,persister,abiotic
Denhamia silvestris,Celastraceae,Denhamia silvestris (Lander & L.A.S.Johnson) M.P.Simmons,yes,15,myrmecochory,shrub,perennial,c3,resprouting_possible,no,persister,biotic
Stackhousia muricata,Celastraceae,Stackhousia muricata Lindl.,yes,0.6,zoochory,herb,perennial,c3,fire_killed,no,persister,biotic
Maireana microphylla,Chenopodiaceae,Maireana microphylla (Moq.) Paul G.Wilson,no,1,anemochory,shrub,perennial,c4,fire_killed,no,extinct,abiotic
Dysphania littoralis,Chenopodiaceae,Dysphania littoralis R.Br.,no,0.1,mixed,herb,short_lived_perennial,c3,fire_killed,no,extinct,mixed
Einadia nutans,Chenopodiaceae,Einadia nutans (R.Br.) A.J.Scott,no,1,endozoochory,herb,perennial,c3,fire_killed,no,extinct,biotic
Einadia polygonoides,Chenopodiaceae,Einadia polygonoides (Murr) Paul G.Wilson,yes,0.14,zoochory,herb,perennial,c3,fire_killed,no,persister,biotic
Einadia trigonos,Chenopodiaceae,Einadia trigonos (Schult.) Paul G.Wilson,yes,0.81,zoochory,herb,perennial,c3,fire_killed,no,persister,biotic
Einadia hastata,Chenopodiaceae,Einadia hastata (R.Br.) A.J.Scott,yes,2,endozoochory,herb,perennial,c3,fire_killed,no,persister,biotic
Commelina cyanea,Commelinaceae,Commelina cyanea R.Br.,yes,0.1,barochory,herb,perennial,c3,resprouting_possible,no,persister,abiotic
Polymeria calycina,Convolvulaceae,Polymeria calycina R.Br.,yes,0.8,mixed,herb,perennial,c3,resprouting_possible,no,persister,mixed
Dichondra repens,Convolvulaceae,Dichondra repens J.R.Forst. & G.Forst.,yes,0.1,barochory,herb,perennial,c3,resprouting_possible,no,persister,abiotic
Crassula sieberiana,Crassulaceae,Crassula sieberiana (Schult. & Schult.f.) Druce,yes,0.2,anemochory,herb,perennial,cam,resprouting_possible,no,persister,abiotic
Cyperus polystachyos,Cyperaceae,Cyperus polystachyos Rottb.,no,0.6,hydrochory,graminoid,perennial,c4,resprouting_possible,yes,extinct,abiotic
Eleocharis acuta,Cyperaceae,Eleocharis acuta R.Br.,no,0.9,mixed,graminoid,perennial,c3,resprouting_possible,yes,extinct,mixed
Bolboschoenus caldwellii,Cyperaceae,Bolboschoenus caldwellii (V.J.Cook) Soják,no,1.2,endozoochory,graminoid,perennial,c3,resprouting_possible,yes,extinct,biotic
Cyperus mirus,Cyperaceae,Cyperus mirus C.B.Clarke,no,0.55,hydrochory,graminoid,perennial,c3,NA,yes,extinct,abiotic
Lepidosperma lineare,Cyperaceae,Lepidosperma lineare R.Br.,no,0.6,myrmecochory,graminoid,perennial,c3,resprouting_possible,no,extinct,biotic
Schoenus apogon,Cyperaceae,Schoenus apogon Roem. & Schult.,yes,0.25,mixed,graminoid,perennial,c3,resprouting_possible,yes,persister,mixed
Isolepis cernua,Cyperaceae,Isolepis cernua (Vahl) Roem. & Schult.,yes,0.3,epizoochory,graminoid,perennial,c3,resprouting_possible,yes,persister,biotic
Lepidosperma laterale,Cyperaceae,Lepidosperma laterale R.Br.,yes,1,myrmecochory,graminoid,perennial,c3,resprouting_possible,no,persister,biotic
Carex inversa,Cyperaceae,Carex inversa R.Br.,yes,0.75,endozoochory,graminoid,perennial,c3,resprouting_possible,no,persister,biotic
Gahnia aspera,Cyperaceae,Gahnia aspera (R.Br.) Spreng.,yes,0.4,endozoochory,graminoid,perennial,c3,resprouting_possible,no,persister,biotic
Gahnia melanocarpa,Cyperaceae,Gahnia melanocarpa R.Br.,yes,2,endozoochory,graminoid,perennial,c3,resprouting_possible,no,persister,biotic
Pteridium esculentum,Dennstaedtiaceae,Pteridium esculentum (G.Forst.) Cockayne,yes,2.5,anemochory,fern,perennial,c3,resprouting_possible,no,persister,abiotic
Hibbertia diffusa,Dilleniaceae,Hibbertia diffusa R.Br. ex DC.,yes,0.5,zoochory,shrub,perennial,c3,resprouting_possible,no,persister,biotic
Hibbertia pedunculata,Dilleniaceae,Hibbertia pedunculata R.Br. ex DC.,yes,0.4,zoochory,shrub,perennial,c3,resprouting_possible,no,persister,biotic
Hibbertia aspera,Dilleniaceae,Hibbertia aspera DC.,yes,2,myrmecochory,shrub,perennial,c3,resprouting_possible,no,persister,biotic
Drosera peltata,Droseraceae,Drosera peltata Thunb.,yes,0.8,mixed,herb,perennial,c3,resprouting_possible,no,persister,mixed
Astroloma humifusum,Ericaceae,Astroloma humifusum (Cav.) R.Br.,no,0.7,endozoochory,shrub,perennial,c3,resprouting_possible,no,extinct,biotic
Leucopogon affinis,Ericaceae,Leucopogon affinis R.Br.,yes,3,endozoochory,shrub,perennial,c3,resprouting_possible,no,persister,biotic
Leucopogon juniperinus,Ericaceae,Leucopogon juniperinus R.Br.,yes,1,endozoochory,shrub,perennial,c3,resprouting_possible,no,persister,biotic
Lissanthe strigosa,Ericaceae,Lissanthe strigosa (Sm.) R.Br.,yes,1,endozoochory,shrub,perennial,c3,resprouting_possible,no,persister,biotic
Euphorbia drummondii,Euphorbiaceae,Euphorbia drummondii Boiss.,no,0.3,barochory,herb,perennial,c4,fire_killed,no,extinct,abiotic
Homalanthus populifolius,Euphorbiaceae,Homalanthus populifolius Graham,yes,12,endozoochory,tree,perennial,c3,resprouting_possible,no,persister,biotic
Acacia stricta,Fabaceae,Acacia stricta (Andrews) Willd.,no,6,myrmecochory,tree,perennial,c3,resprouting_possible,no,extinct,biotic
Gompholobium glabratum,Fabaceae,Gompholobium glabratum DC.,no,0.4,myrmecochory,shrub,perennial,c3,resprouting_possible,no,extinct,biotic
Pultenaea retusa,Fabaceae,Pultenaea retusa Sm.,no,1,myrmecochory,shrub,perennial,c3,fire_killed,no,extinct,biotic
Acacia brownii,Fabaceae,Acacia brownii (Poir.) Steud.,yes,1,zoochory,shrub,perennial,c3,resprouting_possible,no,persister,biotic
Acacia decurrens,Fabaceae,Acacia decurrens Willd.,yes,15,myrmecochory,tree,perennial,c3,resprouting_possible,no,persister,biotic
Bossiaea prostrata,Fabaceae,Bossiaea prostrata R.Br.,yes,1.5,myrmecochory,subshrub,perennial,c3,resprouting_possible,no,persister,biotic
Hovea linearis,Fabaceae,Hovea linearis (Sm.) R.Br.,yes,1.2,myrmecochory,subshrub,perennial,c3,resprouting_possible,no,persister,biotic
Acacia pubescens,Fabaceae,Acacia pubescens (Vent.) R.Br.,yes,5,myrmecochory,shrub,perennial,c3,resprouting_possible,no,persister,biotic
Acacia ulicifolia,Fabaceae,Acacia ulicifolia (Salisb.) Court,yes,2.19,myrmecochory,shrub,perennial,c3,resprouting_possible,no,persister,biotic
Bossiaea buxifolia,Fabaceae,Bossiaea buxifolia A.Cunn.,yes,0.5,myrmecochory,shrub,perennial,c3,resprouting_possible,no,persister,biotic
Chorizema parviflorum,Fabaceae,Chorizema parviflorum Benth.,yes,0.5,myrmecochory,shrub,perennial,c3,resprouting_possible,no,persister,biotic
Daviesia ulicifolia,Fabaceae,Daviesia ulicifolia Andrews,yes,2.5,myrmecochory,shrub,perennial,c3,resprouting_possible,no,persister,biotic
Dillwynia sieberi,Fabaceae,Dillwynia sieberi Steud.,yes,2.5,myrmecochory,shrub,perennial,c3,resprouting_possible,no,persister,biotic
Hardenbergia violacea,Fabaceae,Hardenbergia violacea (Schneev.) Stearn,yes,2.5,myrmecochory,climber,perennial,c3,resprouting_possible,no,persister,biotic
Kennedia rubicunda,Fabaceae,Kennedia rubicunda (Schneev.) Vent.,yes,1.71,myrmecochory,climber,perennial,c3,resprouting_possible,no,persister,biotic
Glycine microphylla,Fabaceae,Glycine microphylla (Benth.) Tindale,yes,0.3,mixed,herb,perennial,c3,resprouting_possible,no,persister,mixed
Glycine clandestina,Fabaceae,Glycine clandestina J.C.Wendl.,yes,2,mixed,climber,perennial,c3,resprouting_possible,no,persister,mixed
Glycine tabacina,Fabaceae,Glycine tabacina (Labill.) Benth.,yes,0.3,mixed,climber,perennial,c3,resprouting_possible,no,persister,mixed
Jacksonia scoparia,Fabaceae,Jacksonia scoparia R.Br.,yes,12,epizoochory,tree,perennial,c3,resprouting_possible,no,persister,biotic
Desmodium rhytidophyllum,Fabaceae,Desmodium rhytidophyllum F.Muell. ex Benth.,yes,0.2,epizoochory,herb,perennial,c3,resprouting_possible,no,persister,biotic
Desmodium varians,Fabaceae,Desmodium varians (Labill.) G.Don,yes,0.5,epizoochory,herb,perennial,c3,resprouting_possible,no,persister,biotic
Zornia dyctiocarpa,Fabaceae,Zornia dyctiocarpa DC.,yes,0.3,epizoochory,herb,perennial,c3,resprouting_possible,no,persister,biotic
Indigofera australis,Fabaceae,Indigofera australis Willd.,yes,2.5,barochory,shrub,perennial,c3,resprouting_possible,no,persister,abiotic
Acacia binervia,Fabaceae,Acacia binervia (J.C.Wendl.) J.F.Macbr.,yes,16,zoochory,tree,perennial,c3,fire_killed,no,persister,biotic
Acacia falcata,Fabaceae,Acacia falcata Willd.,yes,5,zoochory,tree,perennial,c3,fire_killed,no,persister,biotic
Acacia longifolia,Fabaceae,Acacia longifolia (Andrews) Willd.,yes,10,myrmecochory,tree,perennial,c3,fire_killed,no,persister,biotic
Acacia parramattensis,Fabaceae,Acacia parramattensis Tindale,yes,15,myrmecochory,tree,perennial,c3,fire_killed,no,persister,biotic
Pultenaea villosa,Fabaceae,Pultenaea villosa Willd.,yes,2.13,myrmecochory,shrub,perennial,c3,fire_killed,no,persister,biotic
Geranium solanderi,Geraniaceae,Geranium solanderi Carolin,yes,0.5,epizoochory,herb,perennial,c3,resprouting_possible,no,persister,biotic
Pelargonium inodorum,Geraniaceae,Pelargonium inodorum Willd.,yes,0.4,mixed,herb,short_lived_perennial,c3,fire_killed,no,persister,mixed
Goodenia ovata,Goodeniaceae,Goodenia ovata Sm.,no,2.5,myrmecochory,shrub,perennial,c3,resprouting_possible,no,extinct,biotic
Goodenia bellidifolia,Goodeniaceae,Goodenia bellidifolia Sm.,no,0.6,myrmecochory,herb,perennial,c3,resprouting_possible,no,extinct,biotic
Goodenia paniculata,Goodeniaceae,Goodenia paniculata Sm.,yes,0.5,myrmecochory,herb,perennial,c3,resprouting_possible,yes,persister,biotic
Goodenia hederacea,Goodeniaceae,Goodenia hederacea Sm.,yes,0.8,myrmecochory,herb,perennial,c3,resprouting_possible,no,persister,biotic
Scaevola albida,Goodeniaceae,Scaevola albida (Sm.) Druce,yes,0.5,mixed,herb,perennial,c3,fire_killed,no,persister,mixed
Gonocarpus tetragynus,Haloragaceae,Gonocarpus tetragynus Labill.,no,0.4,barochory,subshrub,perennial,c3,resprouting_possible,no,extinct,abiotic
Tricoryne simplex,Hemerocallidaceae,Tricoryne simplex R.Br.,no,0.3,mixed,herb,perennial,c3,resprouting_possible,no,extinct,mixed
Tricoryne elatior,Hemerocallidaceae,Tricoryne elatior R.Br.,no,0.7,barochory,herb,perennial,c3,resprouting_possible,no,extinct,abiotic
Caesia parviflora,Hemerocallidaceae,Caesia parviflora R.Br.,yes,0.5,myrmecochory,herb,perennial,c3,resprouting_possible,no,persister,biotic
Dianella caerulea,Hemerocallidaceae,Dianella caerulea Sims,yes,2,endozoochory,herb,perennial,c3,resprouting_possible,no,persister,biotic
Dianella longifolia,Hemerocallidaceae,Dianella longifolia R.Br.,yes,1.5,endozoochory,herb,perennial,c3,resprouting_possible,no,persister,biotic
Dianella revoluta,Hemerocallidaceae,Dianella revoluta R.Br.,yes,1.5,endozoochory,herb,perennial,c3,resprouting_possible,no,persister,biotic
Hypericum gramineum,Hypericaceae,Hypericum gramineum G.Forst.,yes,0.5,barochory,herb,perennial,c3,resprouting_possible,no,persister,abiotic
Hypoxis hygrometrica,Hypoxidaceae,Hypoxis hygrometrica Labill.,yes,0.2,barochory,herb,perennial,c3,resprouting_possible,no,persister,abiotic
Juncus mollis,Juncaceae,Juncus mollis L.A.S.Johnson,no,1.45,mixed,graminoid,perennial,c3,resprouting_possible,yes,extinct,mixed
Juncus procerus,Juncaceae,Juncus procerus E.Mey.,no,2.5,mixed,graminoid,perennial,c3,resprouting_possible,yes,extinct,mixed
Juncus vaginatus,Juncaceae,Juncus vaginatus R.Br.,no,1.7,mixed,graminoid,perennial,c3,resprouting_possible,yes,extinct,mixed
Juncus continuus,Juncaceae,Juncus continuus L.A.S.Johnson,no,1.15,epizoochory,graminoid,perennial,c3,resprouting_possible,yes,extinct,biotic
Juncus polyanthemus,Juncaceae,Juncus polyanthemus Buchenau,no,1.5,epizoochory,graminoid,perennial,c3,resprouting_possible,yes,extinct,biotic
Juncus remotiflorus,Juncaceae,Juncus remotiflorus L.A.S.Johnson,no,0.7,epizoochory,graminoid,perennial,c3,resprouting_possible,yes,extinct,biotic
Juncus homalocaulis,Juncaceae,Juncus homalocaulis F.Muell. ex Benth.,no,0.4,mixed,graminoid,perennial,c3,resprouting_possible,no,extinct,mixed
Juncus usitatus,Juncaceae,Juncus usitatus L.A.S.Johnson,yes,1.2,mixed,graminoid,perennial,c3,resprouting_possible,yes,persister,mixed
Juncus planifolius,Juncaceae,Juncus planifolius R.Br.,yes,0.75,barochory,graminoid,perennial,c3,resprouting_possible,yes,persister,abiotic
Juncus bufonius,Juncaceae,Juncus bufonius L.,yes,0.3,barochory,graminoid,annual,c3,fire_killed,yes,persister,abiotic
Juncus subsecundus,Juncaceae,Juncus subsecundus N.A.Wakef.,yes,1,mixed,graminoid,perennial,c3,resprouting_possible,no,persister,mixed
Triglochin striata,Juncaginaceae,Triglochin striata Ruiz & Pav.,yes,0.5,hydrochory,herb,perennial,c3,resprouting_possible,yes,persister,abiotic
Mentha diemenica,Lamiaceae,Mentha diemenica Spreng.,yes,0.5,mixed,herb,perennial,c3,resprouting_possible,no,persister,mixed
Plectranthus parviflorus,Lamiaceae,Plectranthus parviflorus Willd.,yes,1,endozoochory,shrub,perennial,cam,fire_killed,no,persister,biotic
Cassytha glabella,Lauraceae,Cassytha glabella R.Br.,no,1,endozoochory,climber,perennial,c3,fire_killed,no,extinct,biotic
Cassytha paniculata,Lauraceae,Cassytha paniculata R.Br.,yes,0.4,endozoochory,climber,perennial,c3,fire_killed,no,persister,biotic
Linum marginale,Linaceae,Linum marginale A.Cunn.,yes,1.2,mixed,herb,perennial,c3,resprouting_possible,no,persister,mixed
Mitrasacme polymorpha,Loganiaceae,Mitrasacme polymorpha R.Br.,no,0.3,mixed,herb,perennial,c3,resprouting_possible,no,extinct,mixed
Amyema miquelii,Loranthaceae,Amyema miquelii (Lehm. ex Miq.) Tiegh.,yes,NA,endozoochory,shrub,perennial,c3,resprouting_possible,no,persister,biotic
Muellerina eucalyptoides,Loranthaceae,Muellerina eucalyptoides (DC.) Barlow,yes,NA,endozoochory,shrub,perennial,c3,resprouting_possible,no,persister,biotic
Amyema gaudichaudii,Loranthaceae,Amyema gaudichaudii (DC.) Tiegh.,yes,NA,endozoochory,shrub,perennial,c3,fire_killed,no,persister,biotic
Dendrophthoe vitellina,Loranthaceae,Dendrophthoe vitellina (F.Muell.) Tiegh.,yes,NA,endozoochory,shrub,perennial,c3,fire_killed,no,persister,biotic
Lythrum hyssopifolia,Lythraceae,Lythrum hyssopifolia L.,yes,0.6,mixed,herb,annual,c3,fire_killed,yes,persister,mixed
Commersonia dasyphylla,Malvaceae,Commersonia dasyphylla Andrews,no,4,zoochory,shrub,perennial,c3,fire_killed,no,extinct,biotic
Lasiopetalum parviflorum,Malvaceae,Lasiopetalum parviflorum Rudge,yes,1,myrmecochory,shrub,perennial,c3,resprouting_possible,no,persister,biotic
Brachychiton populneus,Malvaceae,Brachychiton populneus (Schott & Endl.) R.Br.,yes,20,epizoochory,tree,perennial,c3,resprouting_possible,no,persister,biotic
Sarcopetalum harveyanum,Menispermaceae,Sarcopetalum harveyanum F.Muell.,yes,6,endozoochory,climber_woody,perennial,c3,resprouting_possible,no,persister,biotic
Eucalyptus sideroxylon,Myrtaceae,Eucalyptus sideroxylon A.Cunn. ex Woolls,no,35,anemochory,tree,perennial,c3,resprouting_possible,no,extinct,abiotic
Syncarpia glomulifera,Myrtaceae,Syncarpia glomulifera (Sm.) Nied.,no,25,anemochory,tree,perennial,c3,resprouting_possible,no,extinct,abiotic
Angophora floribunda,Myrtaceae,Angophora floribunda (Sm.) Sweet,yes,30,mixed,tree,perennial,c3,resprouting_possible,no,persister,mixed
Eucalyptus eugenioides,Myrtaceae,Eucalyptus eugenioides Sieber ex Spreng.,yes,35,mixed,tree,perennial,c3,resprouting_possible,no,persister,mixed
Eucalyptus fibrosa,Myrtaceae,Eucalyptus fibrosa F.Muell.,yes,35,mixed,tree,perennial,c3,resprouting_possible,no,persister,mixed
Eucalyptus globoidea,Myrtaceae,Eucalyptus globoidea Blakely,yes,40,mixed,tree,perennial,c3,resprouting_possible,no,persister,mixed
Eucalyptus longifolia,Myrtaceae,Eucalyptus longifolia Link,yes,35,mixed,tree,perennial,c3,resprouting_possible,no,persister,mixed
Eucalyptus moluccana,Myrtaceae,Eucalyptus moluccana Roxb.,yes,30,mixed,tree,perennial,c3,resprouting_possible,no,persister,mixed
Eucalyptus resinifera,Myrtaceae,Eucalyptus resinifera J.White,yes,45,mixed,tree,perennial,c3,resprouting_possible,no,persister,mixed
Eucalyptus amplifolia,Myrtaceae,Eucalyptus amplifolia Naudin,yes,30,barochory,tree,perennial,c3,resprouting_possible,no,persister,abiotic
Callistemon salignus,Myrtaceae,Callistemon salignus (Sm.) Colvill ex Sweet,yes,15,anemochory,tree,perennial,c3,resprouting_possible,no,persister,abiotic
Eucalyptus punctata,Myrtaceae,Eucalyptus punctata DC.,yes,35,anemochory,tree,perennial,c3,resprouting_possible,no,persister,abiotic
Eucalyptus tereticornis,Myrtaceae,Eucalyptus tereticornis Sm.,yes,50,anemochory,tree,perennial,c3,resprouting_possible,no,persister,abiotic
Leptospermum polygalifolium,Myrtaceae,Leptospermum polygalifolium Salisb.,yes,10,anemochory,tree,perennial,c3,resprouting_possible,no,persister,abiotic
Leptospermum trinervium,Myrtaceae,Leptospermum trinervium (J.White) Sm.,yes,6,anemochory,tree,perennial,c3,resprouting_possible,no,persister,abiotic
Melaleuca decora,Myrtaceae,Melaleuca decora (Salisb.) Britten,yes,7,anemochory,tree,perennial,c3,resprouting_possible,no,persister,abiotic
Melaleuca linariifolia,Myrtaceae,Melaleuca linariifolia Sm.,yes,10,anemochory,tree,perennial,c3,resprouting_possible,no,persister,abiotic
Melaleuca styphelioides,Myrtaceae,Melaleuca styphelioides Sm.,yes,20,anemochory,tree,perennial,c3,resprouting_possible,no,persister,abiotic
Callistemon linearifolius,Myrtaceae,Callistemon linearifolius (Link) DC.,yes,4,anemochory,shrub,perennial,c3,resprouting_possible,no,persister,abiotic
Callistemon linearis,Myrtaceae,Callistemon linearis (Schrad. & J.C.Wendl.) Colvill ex Sweet,yes,5,anemochory,shrub,perennial,c3,resprouting_possible,no,persister,abiotic
Callistemon pinifolius,Myrtaceae,Callistemon pinifolius (J.C.Wendl.) Sweet,yes,4,anemochory,shrub,perennial,c3,resprouting_possible,no,persister,abiotic
Melaleuca diosmatifolia,Myrtaceae,Melaleuca diosmatifolia Dum.Cours.,yes,4,anemochory,shrub,perennial,c3,resprouting_possible,no,persister,abiotic
Melaleuca nodosa,Myrtaceae,Melaleuca nodosa (Sol. ex Gaertn.) Sm.,yes,4,anemochory,shrub,perennial,c3,resprouting_possible,no,persister,abiotic
Melaleuca thymifolia,Myrtaceae,Melaleuca thymifolia Sm.,yes,2,anemochory,shrub,perennial,c3,resprouting_possible,no,persister,abiotic
Kunzea ambigua,Myrtaceae,Kunzea ambigua (Sm.) Druce,yes,5,mixed,shrub,perennial,c3,fire_killed,no,persister,mixed
Arthropodium sp. South-east Highlands (N.G.Walsh 811),Asparagaceae,Arthropodium sp. South-east Highlands (N.G.Walsh 811),yes,1.16,barochory,herb,perennial,c3,resprouting_possible,no,persister,abiotic
Notelaea longifolia,Oleaceae,Notelaea longifolia Vent.,yes,9,endozoochory,tree,perennial,c3,resprouting_possible,no,persister,biotic
Notelaea ovata,Oleaceae,Notelaea ovata R.Br.,yes,1,endozoochory,shrub,perennial,c3,resprouting_possible,no,persister,biotic
Epilobium billardiereanum,Onagraceae,Epilobium billardiereanum Ser.,yes,1,anemochory,herb,perennial,c3,resprouting_possible,no,persister,abiotic
Diuris sulphurea,Orchidaceae,Diuris sulphurea R.Br.,no,0.6,anemochory,herb,perennial,c3,resprouting_possible,no,extinct,abiotic
Microtis,Orchidaceae,Microtis,no,0.6,anemochory,herb,perennial,c3,resprouting_possible,no,extinct,abiotic
Thelymitra pauciflora,Orchidaceae,Thelymitra pauciflora R.Br.,no,0.5,anemochory,herb,perennial,c3,resprouting_possible,no,extinct,abiotic
Diuris maculata,Orchidaceae,Diuris maculata Sm.,yes,0.3,anemochory,herb,perennial,c3,resprouting_possible,no,persister,abiotic
Pterostylis nutans,Orchidaceae,Pterostylis nutans R.Br.,yes,0.4,anemochory,herb,perennial,c3,resprouting_possible,no,persister,abiotic
Oxalis perennans,Oxalidaceae,Oxalis perennans Haw.,yes,0.5,mixed,herb,perennial,c3,resprouting_possible,no,persister,mixed
Oxalis thompsoniae,Oxalidaceae,Oxalis thompsoniae B.J.Conn & P.G.Richards,yes,0.25,barochory,herb,perennial,c3,fire_killed,no,persister,abiotic
Breynia oblongifolia,Phyllanthaceae,Breynia oblongifolia (Müll.Arg.) Müll.Arg.,yes,8,myrmecochory,shrub,perennial,c3,resprouting_possible,no,persister,biotic
Phyllanthus gunnii,Phyllanthaceae,Phyllanthus gunnii Hook.f.,yes,5,mixed,shrub,perennial,c3,resprouting_possible,no,persister,mixed
Glochidion ferdinandi,Phyllanthaceae,Glochidion ferdinandi (Müll.Arg.) F.M.Bailey,yes,35,endozoochory,tree,perennial,c3,resprouting_possible,no,persister,biotic
Poranthera microphylla,Phyllanthaceae,Poranthera microphylla Brongn.,yes,0.45,mixed,herb,annual,c3,resprouting_possible,no,persister,mixed
Billardiera scandens,Pittosporaceae,Billardiera scandens Sm.,no,3,endozoochory,climber_woody,perennial,c3,resprouting_possible,no,extinct,biotic
Pittosporum undulatum,Pittosporaceae,Pittosporum undulatum Vent.,yes,27.5,endozoochory,tree,perennial,c3,resprouting_possible,no,persister,biotic
Pittosporum multiflorum,Pittosporaceae,"Pittosporum multiflorum (A.Cunn. ex Loudon) L.W.Cayzer, Crisp & I.Telford",yes,4.2,endozoochory,shrub,perennial,c3,resprouting_possible,no,persister,biotic
Pittosporum revolutum,Pittosporaceae,Pittosporum revolutum W.T.Aiton,yes,6,endozoochory,shrub,perennial,c3,resprouting_possible,no,persister,biotic
Bursaria spinosa,Pittosporaceae,Bursaria spinosa Cav.,yes,12,anemochory,tree,perennial,c3,resprouting_possible,no,persister,abiotic
Plantago varia,Plantaginaceae,Plantago varia R.Br.,no,0.2,barochory,herb,perennial,c3,resprouting_possible,no,extinct,abiotic
Veronica calycina,Plantaginaceae,Veronica calycina R.Br.,no,0.5,barochory,herb,perennial,c3,resprouting_possible,no,extinct,abiotic
Gratiola pedunculata,Plantaginaceae,Gratiola pedunculata R.Br.,yes,0.5,epizoochory,herb,perennial,c3,resprouting_possible,yes,persister,biotic
Plantago debilis,Plantaginaceae,Plantago debilis R.Br.,yes,0.4,mixed,herb,perennial,c3,resprouting_possible,no,persister,mixed
Veronica plebeia,Plantaginaceae,Veronica plebeia R.Br.,yes,0.4,barochory,herb,perennial,c3,resprouting_possible,no,persister,abiotic
Paspalidium aversum,Poaceae,Paspalidium aversum Vickery,no,0.9,mixed,graminoid,perennial,c4,resprouting_possible,yes,extinct,mixed
Paspalum vaginatum,Poaceae,Paspalum vaginatum Sw.,no,0.6,epizoochory,graminoid,perennial,c4,resprouting_possible,yes,extinct,biotic
Deyeuxia quadriseta,Poaceae,Deyeuxia quadriseta (Labill.) Benth.,no,1.5,epizoochory,graminoid,perennial,c3,resprouting_possible,yes,extinct,biotic
Poa labillardierei,Poaceae,Poa labillardierei Steud.,no,1.3,epizoochory,graminoid,perennial,c3,resprouting_possible,yes,extinct,biotic
Echinochloa telmatophila,Poaceae,Echinochloa telmatophila P.W.Michael & Vickery,no,2,anemochory,graminoid,annual,c4,fire_killed,yes,extinct,abiotic
Amphibromus neesii,Poaceae,Amphibromus neesii Steud.,no,1.5,epizoochory,graminoid,perennial,c3,fire_killed,yes,extinct,biotic
Bothriochloa decipiens,Poaceae,Bothriochloa decipiens (Hack.) C.E.Hubb.,no,2,mixed,graminoid,perennial,c4,resprouting_possible,no,extinct,mixed
Sporobolus elongatus,Poaceae,Sporobolus elongatus R.Br.,no,1,mixed,graminoid,perennial,c4,resprouting_possible,no,extinct,mixed
Aristida ramosa,Poaceae,Aristida ramosa R.Br.,no,1.2,epizoochory,graminoid,perennial,c4,resprouting_possible,no,extinct,biotic
Digitaria ramularis,Poaceae,Digitaria ramularis (Trin.) Henrard,no,1,anemochory,graminoid,perennial,c4,resprouting_possible,no,extinct,abiotic
Panicum effusum,Poaceae,Panicum effusum R.Br.,no,1,anemochory,graminoid,perennial,c4,resprouting_possible,no,extinct,abiotic
Lachnagrostis aemula,Poaceae,Lachnagrostis aemula (R.Br.) Trin.,no,0.8,mixed,graminoid,perennial,c3,resprouting_possible,no,extinct,mixed
Austrostipa pubescens,Poaceae,Austrostipa pubescens (R.Br.) S.W.L.Jacobs & J.Everett,no,1.5,epizoochory,graminoid,perennial,c3,resprouting_possible,no,extinct,biotic
Austrostipa scabra,Poaceae,Austrostipa scabra (Lindl.) S.W.L.Jacobs & J.Everett,no,0.95,epizoochory,graminoid,perennial,c3,resprouting_possible,no,extinct,biotic
Austrostipa setacea,Poaceae,Austrostipa setacea (R.Br.) S.W.L.Jacobs & J.Everett,no,0.8,epizoochory,graminoid,perennial,c3,resprouting_possible,no,extinct,biotic
Dichelachne rara,Poaceae,Dichelachne rara (R.Br.) Vickery,no,1.3,epizoochory,graminoid,perennial,c3,resprouting_possible,no,extinct,biotic
Poa affinis,Poaceae,Poa affinis R.Br.,no,1.2,epizoochory,graminoid,perennial,c3,resprouting_possible,no,extinct,biotic
Rytidosperma bipartitum,Poaceae,Rytidosperma bipartitum (Link) A.M.Humphreys & H.P.Linder,no,0.8,epizoochory,graminoid,perennial,c3,resprouting_possible,no,extinct,biotic
Rytidosperma longifolium,Poaceae,Rytidosperma longifolium (R.Br.) Connor & Edgar,no,0.8,epizoochory,graminoid,perennial,c3,resprouting_possible,no,extinct,biotic
Rytidosperma racemosum,Poaceae,Rytidosperma racemosum (R.Br.) Connor & Edgar,no,0.75,epizoochory,graminoid,perennial,c3,resprouting_possible,no,extinct,biotic
Eragrostis benthamii,Poaceae,Eragrostis benthamii Mattei,no,0.6,mixed,graminoid,perennial,c4,NA,no,extinct,mixed
Eragrostis elongata,Poaceae,Eragrostis elongata (Willd.) J.Jacq.,no,0.9,mixed,graminoid,perennial,c4,fire_killed,no,extinct,mixed
Eragrostis parviflora,Poaceae,Eragrostis parviflora (R.Br.) Trin.,no,1.35,barochory,graminoid,perennial,c4,fire_killed,no,extinct,abiotic
Urochloa foliosa,Poaceae,Urochloa foliosa (R.Br.) R.D.Webster,no,0.9,anemochory,graminoid,perennial,c4,fire_killed,no,extinct,abiotic
Lachnagrostis filiformis,Poaceae,Lachnagrostis filiformis (G.Forst.) Trin.,yes,1,anemochory,graminoid,perennial,c3,resprouting_possible,yes,persister,abiotic
Phragmites australis,Poaceae,Phragmites australis (Cav.) Trin. ex Steud.,yes,6,anemochory,graminoid,perennial,c3,resprouting_possible,yes,persister,abiotic
Eragrostis brownii,Poaceae,Eragrostis brownii (Kunth) Nees,yes,0.6,mixed,graminoid,perennial,c4,resprouting_possible,no,persister,mixed
Eragrostis leptostachya,Poaceae,Eragrostis leptostachya (R.Br.) Steud.,yes,1,mixed,graminoid,perennial,c4,resprouting_possible,no,persister,mixed
Panicum simile,Poaceae,Panicum simile Domin,yes,0.7,mixed,graminoid,perennial,c4,resprouting_possible,no,persister,mixed
Paspalidium criniforme,Poaceae,Paspalidium criniforme S.T.Blake,yes,0.6,mixed,graminoid,perennial,c4,resprouting_possible,no,persister,mixed
Aristida vagans,Poaceae,Aristida vagans Cav.,yes,0.8,epizoochory,graminoid,perennial,c4,resprouting_possible,no,persister,biotic
Bothriochloa macra,Poaceae,Bothriochloa macra (Steud.) S.T.Blake,yes,1,epizoochory,graminoid,perennial,c4,resprouting_possible,no,persister,biotic
Cymbopogon refractus,Poaceae,Cymbopogon refractus (R.Br.) A.Camus,yes,1.5,epizoochory,graminoid,perennial,c4,resprouting_possible,no,persister,biotic
Themeda triandra,Poaceae,Themeda triandra Forssk.,yes,2,epizoochory,graminoid,perennial,c4,resprouting_possible,no,persister,biotic
Paspalidium distans,Poaceae,Paspalidium distans (Trin.) Hughes,yes,1,barochory,graminoid,perennial,c4,resprouting_possible,no,persister,abiotic
Chloris truncata,Poaceae,Chloris truncata R.Br.,yes,0.5,anemochory,graminoid,perennial,c4,resprouting_possible,no,persister,abiotic
Chloris ventricosa,Poaceae,Chloris ventricosa R.Br.,yes,1,anemochory,graminoid,perennial,c4,resprouting_possible,no,persister,abiotic
Digitaria parviflora,Poaceae,Digitaria parviflora (R.Br.) Hughes,yes,1.5,anemochory,graminoid,perennial,c4,resprouting_possible,no,persister,abiotic
Imperata cylindrica,Poaceae,Imperata cylindrica (L.) P.Beauv.,yes,1.5,anemochory,graminoid,perennial,c4,resprouting_possible,no,persister,abiotic
Entolasia marginata,Poaceae,Entolasia marginata (R.Br.) Hughes,yes,0.8,mixed,graminoid,perennial,c3,resprouting_possible,no,persister,mixed
Entolasia stricta,Poaceae,Entolasia stricta (R.Br.) Hughes,yes,1.2,mixed,graminoid,perennial,c3,resprouting_possible,no,persister,mixed
Poa sieberiana,Poaceae,Poa sieberiana Spreng.,yes,1.07,mixed,graminoid,perennial,c3,resprouting_possible,no,persister,mixed
Anthosachne scabra,Poaceae,Anthosachne scabra (R.Br.) Nevski,yes,1.5,epizoochory,graminoid,perennial,c3,resprouting_possible,no,persister,biotic
Austrostipa rudis,Poaceae,Austrostipa rudis (Spreng.) S.W.L.Jacobs & J.Everett,yes,1.3,epizoochory,graminoid,perennial,c3,resprouting_possible,no,persister,biotic
Dichelachne micrantha,Poaceae,Dichelachne micrantha (Cav.) Domin,yes,1.2,epizoochory,graminoid,perennial,c3,resprouting_possible,no,persister,biotic
Echinopogon caespitosus,Poaceae,Echinopogon caespitosus C.E.Hubb.,yes,1.5,epizoochory,graminoid,perennial,c3,resprouting_possible,no,persister,biotic
Echinopogon ovatus,Poaceae,Echinopogon ovatus (G.Forst.) P.Beauv.,yes,1.2,epizoochory,graminoid,perennial,c3,resprouting_possible,no,persister,biotic
Microlaena stipoides,Poaceae,Microlaena stipoides (Labill.) R.Br.,yes,1,epizoochory,graminoid,perennial,c3,resprouting_possible,no,persister,biotic
Oplismenus hirtellus,Poaceae,Oplismenus hirtellus (L.) P.Beauv.,yes,3,epizoochory,graminoid,perennial,c3,resprouting_possible,no,persister,biotic
Rytidosperma fulvum,Poaceae,Rytidosperma fulvum (Vickery) A.M.Humphreys & H.P.Linder,yes,1.15,epizoochory,graminoid,perennial,c3,resprouting_possible,no,persister,biotic
Rytidosperma setaceum,Poaceae,Rytidosperma setaceum (R.Br.) Connor & Edgar,yes,1,epizoochory,graminoid,perennial,c3,resprouting_possible,no,persister,biotic
Rytidosperma tenuius,Poaceae,Rytidosperma tenuius (Steud.) A.Hansen & Sunding,yes,1.2,epizoochory,graminoid,perennial,c3,resprouting_possible,no,persister,biotic
Eriochloa pseudoacrotricha,Poaceae,Eriochloa pseudoacrotricha (Stapf ex Thell.) J.M.Black,yes,1,mixed,graminoid,perennial,c4,fire_killed,no,persister,mixed
Polygala japonica,Polygalaceae,Polygala japonica Houtt.,no,0.25,mixed,subshrub,perennial,c3,resprouting_possible,no,extinct,mixed
Persicaria decipiens,Polygonaceae,Persicaria decipiens (R.Br.) K.L.Wilson,yes,1,epizoochory,herb,perennial,c3,resprouting_possible,yes,persister,biotic
Persicaria lapathifolia,Polygonaceae,Persicaria lapathifolia (L.) Delarbre,yes,2,epizoochory,herb,biennial,c3,resprouting_possible,yes,persister,biotic
Rumex brownii,Polygonaceae,Rumex brownii Campd.,yes,1.05,epizoochory,herb,perennial,c3,resprouting_possible,no,persister,biotic
Portulaca oleracea,Portulacaceae,Portulaca oleracea L.,yes,0.2,barochory,herb,annual,c4,resprouting_possible,no,persister,abiotic
Myrsine variabilis,Primulaceae,Myrsine variabilis R.Br.,yes,13,endozoochory,tree,perennial,c3,resprouting_possible,no,persister,biotic
Persoonia linearis,Proteaceae,Persoonia linearis Andrews,yes,5,endozoochory,tree,perennial,c3,resprouting_possible,no,persister,biotic
Hakea sericea,Proteaceae,Hakea sericea Schrad. & J.C.Wendl.,yes,4.5,anemochory,tree,perennial,c3,fire_killed,no,persister,abiotic
Cheilanthes sieberi,Pteridaceae,Cheilanthes sieberi Kunze,yes,0.5,barochory,fern,perennial,c3,resprouting_possible,no,persister,abiotic
Adiantum aethiopicum,Pteridaceae,Adiantum aethiopicum L.,yes,0.5,anemochory,fern,perennial,c3,resprouting_possible,no,persister,abiotic
Pellaea falcata,Pteridaceae,Pellaea falcata (R.Br.) Fée,yes,1,anemochory,fern,perennial,c3,resprouting_possible,no,persister,abiotic
Ranunculus lappaceus,Ranunculaceae,Ranunculus lappaceus Sm.,no,1.7,mixed,herb,perennial,c3,resprouting_possible,no,extinct,mixed
Clematis aristata,Ranunculaceae,Clematis aristata R.Br. ex Ker Gawl.,yes,15,anemochory,climber_woody,perennial,c3,resprouting_possible,no,persister,abiotic
Clematis glycinoides,Ranunculaceae,Clematis glycinoides DC.,yes,3,anemochory,climber_woody,perennial,c3,resprouting_possible,no,persister,abiotic
Pomaderris lanigera,Rhamnaceae,Pomaderris lanigera (Andrews) Sims,no,5,myrmecochory,tree,perennial,c3,resprouting_possible,no,extinct,biotic
Pomaderris ferruginea,Rhamnaceae,Pomaderris ferruginea Sieber ex Fenzl,yes,4,myrmecochory,shrub,perennial,c3,fire_killed,no,persister,biotic
Rubus parvifolius,Rosaceae,Rubus parvifolius L.,yes,1,endozoochory,climber_woody,perennial,c3,resprouting_possible,no,persister,biotic
Opercularia aspera,Rubiaceae,Opercularia aspera Gaertn.,no,2,myrmecochory,subshrub,perennial,c3,resprouting_possible,no,extinct,biotic
Opercularia diphylla,Rubiaceae,Opercularia diphylla Gaertn.,yes,0.29,myrmecochory,herb,perennial,c3,resprouting_possible,no,persister,biotic
Opercularia varia,Rubiaceae,Opercularia varia Hook.f.,yes,0.3,myrmecochory,herb,perennial,c3,resprouting_possible,no,persister,biotic
Asperula conferta,Rubiaceae,Asperula conferta Hook.f.,yes,0.3,barochory,herb,perennial,c3,resprouting_possible,no,persister,abiotic
Asterolasia correifolia,Rutaceae,Asterolasia correifolia (A.Juss.) Benth.,no,2.5,myrmecochory,shrub,perennial,c3,fire_killed,no,extinct,biotic
Correa reflexa,Rutaceae,Correa reflexa (Labill.) Vent.,yes,3,myrmecochory,shrub,perennial,c3,resprouting_possible,no,persister,biotic
Zieria smithii,Rutaceae,Zieria smithii Andrews,yes,2,myrmecochory,shrub,perennial,c3,resprouting_possible,no,persister,biotic
Boronia polygalifolia,Rutaceae,Boronia polygalifolia Sm.,yes,0.6,ballistic,subshrub,perennial,c3,resprouting_possible,no,persister,abiotic
Exocarpos strictus,Santalaceae,Exocarpos strictus R.Br.,no,6,endozoochory,shrub,perennial,c3,resprouting_possible,no,extinct,biotic
Omphacomeria acerba,Santalaceae,Omphacomeria acerba (R.Br.) A.DC.,no,1.5,endozoochory,shrub,perennial,c3,resprouting_possible,no,extinct,biotic
Exocarpos cupressiformis,Santalaceae,Exocarpos cupressiformis Labill.,yes,10,endozoochory,tree,perennial,c3,resprouting_possible,no,persister,biotic
Dodonaea triquetra,Sapindaceae,Dodonaea triquetra J.C.Wendl.,yes,3.5,myrmecochory,shrub,perennial,c3,resprouting_possible,no,persister,biotic
Eremophila debilis,Scrophulariaceae,Eremophila debilis (Andrews) Chinnock,yes,2,endozoochory,shrub,perennial,c3,resprouting_possible,no,persister,biotic
Myoporum boninense,Scrophulariaceae,Myoporum boninense Koidz.,yes,2.8,endozoochory,shrub,perennial,c3,fire_killed,no,persister,biotic
Pimelea linifolia,Thymelaeaceae,Pimelea linifolia Sm.,yes,1.68,myrmecochory,shrub,perennial,c3,resprouting_possible,no,persister,biotic
Typha domingensis,Typhaceae,Typha domingensis Pers.,no,4,anemochory,graminoid,perennial,c3,resprouting_possible,yes,extinct,abiotic
Typha orientalis,Typhaceae,Typha orientalis C.Presl,yes,4.5,anemochory,graminoid,perennial,c3,resprouting_possible,yes,persister,abiotic
Viola betonicifolia,Violaceae,Viola betonicifolia Sm.,no,0.2,myrmecochory,herb,perennial,c3,resprouting_possible,no,extinct,biotic
Xanthorrhoea minor,Xanthorrhoeaceae,Xanthorrhoea minor R.Br.,yes,1.48,barochory,shrub,perennial,c3,resprouting_possible,no,persister,abiotic
Macrozamia spiralis,Zamiaceae,Macrozamia spiralis (Salisb.) Miq.,yes,1.04,barochory,shrub,perennial,c3,resprouting_possible,no,persister,abiotic
