taxon_name,resprouting_capacity
Acacia binervia,fire_killed
Acacia binervia,fire_killed
Acacia binervia,fire_killed
Acacia binervia,fire_killed
Acacia brownii,resprouts
Acacia brownii,fire_killed resprouts
Acacia brownii,fire_killed
Acacia brownii,fire_killed
Acacia decurrens,fire_killed
Acacia decurrens,fire_killed
Acacia decurrens,fire_killed
Acacia decurrens,fire_killed
Acacia decurrens,resprouts
Acacia falcata,fire_killed
Acacia falcata,fire_killed
Acacia falcata,fire_killed
Acacia falcata,fire_killed
Acacia longifolia,fire_killed
Acacia longifolia,fire_killed
Acacia longifolia,fire_killed
Acacia longifolia,fire_killed
Acacia longifolia,fire_killed
Acacia parramattensis,fire_killed
Acacia parramattensis,fire_killed
Acacia parramattensis,fire_killed
Acacia parramattensis,fire_killed
Acacia pubescens,fire_killed resprouts
Acacia ulicifolia,fire_killed
Acacia ulicifolia,fire_killed
Acacia ulicifolia,fire_killed
Acacia ulicifolia,fire_killed
Acacia ulicifolia,resprouts
Acacia ulicifolia,fire_killed
Acacia ulicifolia,fire_killed
Acacia ulicifolia,partial_resprouting
Acacia ulicifolia,fire_killed
Acacia ulicifolia,fire_killed
Adiantum aethiopicum,resprouts
Adiantum aethiopicum,resprouts
Adiantum aethiopicum,resprouts
Adiantum aethiopicum,resprouts
Adiantum aethiopicum,resprouts
Alternanthera denticulata,resprouts
Alternanthera denticulata,fire_killed
Alternanthera denticulata,fire_killed
Amyema gaudichaudii,fire_killed
Amyema miquelii,fire_killed
Amyema miquelii,fire_killed
Amyema miquelii,fire_killed
Amyema miquelii,fire_killed
Amyema miquelii,partial_resprouting
Amyema miquelii,resprouts
Amyema miquelii,fire_killed
Angophora floribunda,resprouts
Angophora floribunda,resprouts
Angophora floribunda,resprouts
Anthosachne scabra,resprouts
Anthosachne scabra,resprouts
Anthosachne scabra,resprouts
Anthosachne scabra,resprouts
Anthosachne scabra,resprouts
Anthosachne scabra,resprouts
Anthosachne scabra,resprouts
Anthosachne scabra,resprouts
Anthosachne scabra,resprouts
Anthosachne scabra,resprouts
Anthosachne scabra,resprouts
Anthosachne scabra,resprouts
Aristida vagans,resprouts
Aristida vagans,resprouts
Aristida vagans,resprouts
Arthropodium sp. South-east Highlands (N.G.Walsh 811),resprouts
Arthropodium sp. South-east Highlands (N.G.Walsh 811),resprouts
Arthropodium sp. South-east Highlands (N.G.Walsh 811),resprouts
Asperula conferta,fire_killed
Asperula conferta,resprouts
Asperula conferta,resprouts
Austrostipa rudis,resprouts
Austrostipa rudis,resprouts
Austrostipa rudis,resprouts
Austrostipa rudis,resprouts
Boronia polygalifolia,resprouts
Boronia polygalifolia,resprouts
Boronia polygalifolia,fire_killed resprouts
Bossiaea buxifolia,resprouts
Bossiaea buxifolia,resprouts
Bossiaea prostrata,fire_killed
Bossiaea prostrata,resprouts
Bossiaea prostrata,resprouts
Bothriochloa macra,resprouts
Bothriochloa macra,resprouts
Bothriochloa macra,resprouts
Brachychiton populneus,resprouts
Brachychiton populneus,resprouts
Brachychiton populneus,resprouts
Brachychiton populneus,resprouts
Brachyscome triloba,resprouts
Brachyscome triloba,fire_killed
Brachyscome triloba,resprouts
Brachyscome triloba,resprouts
Breynia oblongifolia,resprouts
Breynia oblongifolia,resprouts
Breynia oblongifolia,resprouts
Breynia oblongifolia,fire_killed resprouts
Breynia oblongifolia,fire_killed
Breynia oblongifolia,resprouts
Brunoniella australis,resprouts
Brunoniella australis,resprouts
Brunoniella australis,resprouts
Brunoniella pumilio,resprouts
Brunoniella pumilio,resprouts
Brunoniella pumilio,resprouts
Bursaria spinosa,resprouts
Bursaria spinosa,resprouts
Bursaria spinosa,resprouts
Bursaria spinosa,resprouts
Bursaria spinosa,resprouts
Bursaria spinosa,resprouts
Bursaria spinosa,resprouts
Caesia parviflora,resprouts
Caesia parviflora,resprouts
Caesia parviflora,resprouts
Caesia parviflora,resprouts
Caesia parviflora,resprouts
Caesia parviflora,resprouts
Callistemon linearis,resprouts
Callistemon linearis,resprouts
Callistemon linearis,resprouts
Callistemon linearis,resprouts
Callistemon linearis,resprouts
Callistemon linearis,resprouts
Callistemon linearis,resprouts
Callistemon linearis,resprouts
Callistemon pinifolius,resprouts
Callistemon pinifolius,resprouts
Callistemon salignus,resprouts
Callistemon salignus,resprouts
Calotis cuneifolia,fire_killed
Calotis cuneifolia,fire_killed
Calotis cuneifolia,resprouts
Calotis lappulacea,resprouts
Calotis lappulacea,resprouts
Calotis lappulacea,fire_killed
Carex inversa,resprouts
Carex inversa,resprouts
Carex inversa,resprouts
Carex inversa,resprouts
Carex inversa,resprouts
Carex inversa,resprouts
Carex inversa,resprouts
Carex inversa,resprouts
Carex inversa,resprouts
Cassytha paniculata,fire_killed
Casuarina glauca,resprouts
Casuarina glauca,resprouts
Casuarina glauca,resprouts
Casuarina glauca,resprouts
Casuarina glauca,fire_killed
Centella asiatica,resprouts
Centella asiatica,resprouts
Centella asiatica,fire_killed
Centella asiatica,fire_killed
Centella asiatica,resprouts
Centipeda minima,fire_killed
Centipeda minima,fire_killed
Cheilanthes sieberi,resprouts
Chloris truncata,resprouts
Chloris truncata,resprouts
Chloris truncata,resprouts
Chloris ventricosa,resprouts
Chloris ventricosa,resprouts
Chorizema parviflorum,resprouts
Chorizema parviflorum,fire_killed resprouts
Chrysocephalum apiculatum,resprouts
Chrysocephalum apiculatum,resprouts
Chrysocephalum apiculatum,fire_killed resprouts
Chrysocephalum apiculatum,resprouts
Chrysocephalum apiculatum,fire_killed
Chrysocephalum apiculatum,fire_killed
Chrysocephalum apiculatum,fire_killed
Clematis aristata,resprouts
Clematis aristata,resprouts
Clematis aristata,resprouts
Clematis aristata,fire_killed resprouts
Clematis aristata,resprouts
Clematis aristata,resprouts
Clematis aristata,resprouts
Clematis glycinoides,resprouts
Clematis glycinoides,resprouts
Clematis glycinoides,resprouts
Clematis glycinoides,fire_killed
Clematis glycinoides,resprouts
Commelina cyanea,resprouts
Commelina cyanea,resprouts
Commelina cyanea,partial_resprouting
Commelina cyanea,fire_killed
Correa reflexa,resprouts
Correa reflexa,fire_killed
Correa reflexa,resprouts
Correa reflexa,fire_killed
Correa reflexa,resprouts
Correa reflexa,fire_killed
Correa reflexa,fire_killed
Correa reflexa,resprouts
Correa reflexa,fire_killed
Correa reflexa,resprouts
Correa reflexa,fire_killed resprouts
Cotula australis,fire_killed
Cotula australis,fire_killed
Cotula australis,fire_killed
Cotula australis,fire_killed
Crassula sieberiana,fire_killed
Crassula sieberiana,fire_killed
Crassula sieberiana,fire_killed
Crassula sieberiana,partial_resprouting
Crassula sieberiana,fire_killed
Crassula sieberiana,fire_killed
Crassula sieberiana,fire_killed
Cyanthillium cinereum,fire_killed
Cyanthillium cinereum,fire_killed
Cyanthillium cinereum,fire_killed
Cymbopogon refractus,resprouts
Cymbopogon refractus,resprouts
Cymbopogon refractus,resprouts
Cymbopogon refractus,resprouts
Daviesia ulicifolia,resprouts
Daviesia ulicifolia,resprouts
Daviesia ulicifolia,fire_killed
Daviesia ulicifolia,fire_killed
Daviesia ulicifolia,fire_killed resprouts
Dendrophthoe vitellina,fire_killed
Dendrophthoe vitellina,fire_killed
Denhamia silvestris,resprouts
Denhamia silvestris,resprouts
Denhamia silvestris,resprouts
Denhamia silvestris,resprouts
Denhamia silvestris,resprouts
Desmodium rhytidophyllum,resprouts
Desmodium rhytidophyllum,resprouts
Desmodium rhytidophyllum,fire_killed resprouts
Desmodium varians,resprouts
Desmodium varians,resprouts
Desmodium varians,resprouts
Dianella caerulea,resprouts
Dianella caerulea,resprouts
Dianella caerulea,resprouts
Dianella caerulea,partial_resprouting
Dianella caerulea,resprouts
Dianella caerulea,resprouts
Dianella longifolia,resprouts
Dianella longifolia,resprouts
Dianella longifolia,resprouts
Dianella revoluta,resprouts
Dianella revoluta,resprouts
Dianella revoluta,resprouts
Dianella revoluta,resprouts
Dianella revoluta,resprouts
Dianella revoluta,resprouts
Dianella revoluta,resprouts
Dianella revoluta,resprouts
Dichelachne micrantha,resprouts
Dichelachne micrantha,resprouts
Dichelachne micrantha,resprouts
Dichondra repens,resprouts
Dichondra repens,resprouts
Dichondra repens,partial_resprouting
Dichondra repens,resprouts
Digitaria parviflora,resprouts
Digitaria parviflora,resprouts
Digitaria parviflora,resprouts
Digitaria parviflora,resprouts
Digitaria parviflora,resprouts
Dillwynia sieberi,fire_killed
Dillwynia sieberi,fire_killed
Dillwynia sieberi,partial_resprouting
Diuris maculata,resprouts
Diuris maculata,resprouts
Diuris maculata,resprouts
Dodonaea triquetra,resprouts
Dodonaea triquetra,fire_killed
Dodonaea triquetra,fire_killed
Dodonaea triquetra,partial_resprouting
Dodonaea triquetra,fire_killed
Dodonaea triquetra,fire_killed
Drosera peltata,resprouts
Drosera peltata,resprouts
Drosera peltata,resprouts
Drosera peltata,resprouts
Drosera peltata,fire_killed resprouts
Drosera peltata,resprouts
Drosera peltata,resprouts
Echinopogon caespitosus,resprouts
Echinopogon caespitosus,resprouts
Echinopogon ovatus,resprouts
Echinopogon ovatus,resprouts
Echinopogon ovatus,fire_killed
Echinopogon ovatus,partial_resprouting
Echinopogon ovatus,resprouts
Echinopogon ovatus,resprouts
Einadia hastata,fire_killed
Einadia hastata,fire_killed
Einadia hastata,fire_killed
Einadia polygonoides,fire_killed
Einadia trigonos,fire_killed
Einadia trigonos,fire_killed
Einadia trigonos,fire_killed
Entolasia marginata,resprouts
Entolasia marginata,resprouts
Entolasia marginata,resprouts
Entolasia marginata,resprouts
Entolasia stricta,resprouts
Entolasia stricta,resprouts
Entolasia stricta,resprouts
Entolasia stricta,resprouts
Entolasia stricta,resprouts
Entolasia stricta,resprouts
Epilobium billardiereanum,resprouts
Epilobium billardiereanum,fire_killed
Epilobium billardiereanum,fire_killed
Eragrostis brownii,resprouts
Eragrostis brownii,resprouts
Eragrostis brownii,resprouts
Eragrostis brownii,resprouts
Eragrostis brownii,resprouts
Eragrostis leptostachya,resprouts
Eragrostis leptostachya,resprouts
Eragrostis leptostachya,resprouts
Eremophila debilis,resprouts
Eremophila debilis,resprouts
Eremophila debilis,fire_killed
Eremophila debilis,resprouts
Eremophila debilis,resprouts
Eremophila debilis,resprouts
Eriochloa pseudoacrotricha,fire_killed
Eucalyptus amplifolia,resprouts
Eucalyptus eugenioides,resprouts
Eucalyptus eugenioides,resprouts
Eucalyptus fibrosa,resprouts
Eucalyptus fibrosa,resprouts
Eucalyptus globoidea,resprouts
Eucalyptus globoidea,resprouts
Eucalyptus globoidea,resprouts
Eucalyptus globoidea,resprouts
Eucalyptus longifolia,resprouts
Eucalyptus longifolia,resprouts
Eucalyptus moluccana,resprouts
Eucalyptus moluccana,resprouts
Eucalyptus punctata,resprouts
Eucalyptus punctata,resprouts
Eucalyptus punctata,resprouts
Eucalyptus resinifera,resprouts
Eucalyptus resinifera,resprouts
Eucalyptus resinifera,resprouts
Eucalyptus resinifera,resprouts
Eucalyptus tereticornis,resprouts
Eucalyptus tereticornis,resprouts
Eucalyptus tereticornis,resprouts
Euchiton involucratus,fire_killed
Euchiton involucratus,fire_killed
Euchiton involucratus,fire_killed
Euchiton involucratus,fire_killed
Euchiton involucratus,fire_killed
Euchiton sphaericus,fire_killed
Euchiton sphaericus,fire_killed
Euchiton sphaericus,fire_killed
Euchiton sphaericus,fire_killed
Euchiton sphaericus,fire_killed
Euchiton sphaericus,fire_killed
Euchiton sphaericus,fire_killed
Euchiton sphaericus,fire_killed
Euchiton sphaericus,fire_killed
Eustrephus latifolius,resprouts
Eustrephus latifolius,resprouts
Eustrephus latifolius,resprouts
Eustrephus latifolius,resprouts
Eustrephus latifolius,fire_killed
Eustrephus latifolius,fire_killed resprouts
Eustrephus latifolius,resprouts
Eustrephus latifolius,resprouts
Eustrephus latifolius,resprouts
Exocarpos cupressiformis,resprouts
Exocarpos cupressiformis,resprouts
Exocarpos cupressiformis,resprouts
Exocarpos cupressiformis,resprouts
Exocarpos cupressiformis,resprouts
Exocarpos cupressiformis,fire_killed resprouts
Exocarpos cupressiformis,resprouts
Gahnia aspera,resprouts
Gahnia aspera,resprouts
Gahnia melanocarpa,resprouts
Gahnia melanocarpa,resprouts
Gahnia melanocarpa,resprouts
Gahnia melanocarpa,resprouts
Geranium solanderi,fire_killed
Geranium solanderi,resprouts
Geranium solanderi,fire_killed
Geranium solanderi,resprouts
Glochidion ferdinandi,resprouts
Glochidion ferdinandi,resprouts
Glochidion ferdinandi,resprouts
Glossocardia bidens,fire_killed
Glossocardia bidens,fire_killed
Glossocardia bidens,fire_killed
Glycine clandestina,fire_killed
Glycine clandestina,resprouts
Glycine clandestina,resprouts
Glycine clandestina,resprouts
Glycine clandestina,resprouts
Glycine clandestina,fire_killed resprouts
Glycine clandestina,resprouts
Glycine clandestina,resprouts
Glycine clandestina,resprouts
Glycine microphylla,resprouts
Glycine microphylla,resprouts
Glycine microphylla,resprouts
Glycine tabacina,resprouts
Glycine tabacina,resprouts
Glycine tabacina,resprouts
Glycine tabacina,resprouts
Glycine tabacina,resprouts
Glycine tabacina,resprouts
Glycine tabacina,resprouts
Goodenia hederacea,resprouts
Goodenia hederacea,resprouts
Goodenia hederacea,resprouts
Goodenia hederacea,resprouts
Goodenia paniculata,resprouts
Goodenia paniculata,resprouts
Goodenia paniculata,resprouts
Gratiola pedunculata,fire_killed
Gratiola pedunculata,resprouts
Hakea sericea,fire_killed
Hakea sericea,fire_killed
Hakea sericea,fire_killed
Hakea sericea,fire_killed
Hardenbergia violacea,fire_killed
Hardenbergia violacea,fire_killed
Hardenbergia violacea,resprouts
Hardenbergia violacea,resprouts
Hardenbergia violacea,resprouts
Hardenbergia violacea,resprouts
Hardenbergia violacea,fire_killed
Hardenbergia violacea,fire_killed resprouts
Hibbertia aspera,fire_killed
Hibbertia aspera,resprouts
Hibbertia aspera,resprouts
Hibbertia aspera,resprouts
Hibbertia diffusa,fire_killed
Hibbertia diffusa,resprouts
Hibbertia diffusa,partial_resprouting
Hibbertia diffusa,resprouts
Hibbertia pedunculata,resprouts
Hibbertia pedunculata,resprouts
Hibbertia pedunculata,resprouts
Homalanthus populifolius,resprouts
Homalanthus populifolius,resprouts
Homalanthus populifolius,resprouts
Homalanthus populifolius,resprouts
Homalanthus populifolius,resprouts
Homalanthus populifolius,resprouts
Homalanthus populifolius,fire_killed resprouts
Hovea linearis,resprouts
Hovea linearis,resprouts
Hovea linearis,resprouts
Hovea linearis,resprouts
Hovea linearis,fire_killed resprouts
Hydrocotyle sibthorpioides,resprouts
Hydrocotyle sibthorpioides,resprouts
Hydrocotyle sibthorpioides,resprouts
Hydrocotyle sibthorpioides,resprouts
Hypericum gramineum,resprouts
Hypericum gramineum,resprouts
Hypericum gramineum,resprouts
Hypericum gramineum,resprouts
Hypericum gramineum,fire_killed resprouts
Hypericum gramineum,resprouts
Hypoxis hygrometrica,resprouts
Hypoxis hygrometrica,resprouts
Hypoxis hygrometrica,resprouts
Hypoxis hygrometrica,resprouts
Hypoxis hygrometrica,resprouts
Hypoxis hygrometrica,resprouts
Imperata cylindrica,resprouts
Imperata cylindrica,resprouts
Imperata cylindrica,resprouts
Imperata cylindrica,resprouts
Imperata cylindrica,resprouts
Imperata cylindrica,resprouts
Imperata cylindrica,resprouts
Indigofera australis,resprouts
Indigofera australis,resprouts
Indigofera australis,resprouts
Indigofera australis,fire_killed resprouts
Indigofera australis,fire_killed
Isolepis cernua,resprouts
Isolepis cernua,resprouts
Isolepis cernua,fire_killed
Isolepis cernua,fire_killed
Isolepis cernua,fire_killed
Isolepis cernua,fire_killed
Jacksonia scoparia,resprouts
Jacksonia scoparia,resprouts
Juncus bufonius,fire_killed
Juncus bufonius,fire_killed
Juncus bufonius,fire_killed
Juncus bufonius,fire_killed
Juncus bufonius,fire_killed
Juncus planifolius,resprouts
Juncus planifolius,resprouts
Juncus planifolius,fire_killed
Juncus planifolius,fire_killed
Juncus subsecundus,resprouts
Juncus subsecundus,resprouts
Juncus subsecundus,resprouts
Juncus subsecundus,resprouts
Juncus subsecundus,resprouts
Juncus usitatus,resprouts
Juncus usitatus,resprouts
Kennedia rubicunda,resprouts
Kennedia rubicunda,fire_killed
Kennedia rubicunda,fire_killed
Kennedia rubicunda,partial_resprouting
Kunzea ambigua,fire_killed
Kunzea ambigua,fire_killed
Kunzea ambigua,fire_killed
Kunzea ambigua,fire_killed
Kunzea ambigua,fire_killed
Lachnagrostis filiformis,fire_killed
Lachnagrostis filiformis,resprouts
Lachnagrostis filiformis,fire_killed resprouts
Lachnagrostis filiformis,resprouts
Lachnagrostis filiformis,fire_killed
Lachnagrostis filiformis,fire_killed
Lachnagrostis filiformis,fire_killed
Lachnagrostis filiformis,fire_killed
Lasiopetalum parviflorum,fire_killed
Lasiopetalum parviflorum,fire_killed
Lasiopetalum parviflorum,partial_resprouting
Laxmannia gracilis,fire_killed
Laxmannia gracilis,partial_resprouting
Laxmannia gracilis,fire_killed
Lepidosperma laterale,resprouts
Lepidosperma laterale,resprouts
Lepidosperma laterale,resprouts
Lepidosperma laterale,resprouts
Lepidosperma laterale,resprouts
Lepidosperma laterale,resprouts
Lepidosperma laterale,resprouts
Leptospermum polygalifolium,resprouts
Leptospermum polygalifolium,resprouts
Leptospermum polygalifolium,resprouts
Leptospermum trinervium,resprouts
Leptospermum trinervium,resprouts
Leptospermum trinervium,resprouts
Leptospermum trinervium,resprouts
Leptospermum trinervium,resprouts
Leucopogon affinis,resprouts
Leucopogon affinis,resprouts
Leucopogon affinis,resprouts
Leucopogon affinis,resprouts
Leucopogon affinis,resprouts
Leucopogon affinis,resprouts
Leucopogon affinis,resprouts
Leucopogon affinis,resprouts
Leucopogon affinis,resprouts
Leucopogon affinis,resprouts
Leucopogon affinis,resprouts
Leucopogon juniperinus,fire_killed
Leucopogon juniperinus,fire_killed
Leucopogon juniperinus,partial_resprouting
Leucopogon juniperinus,fire_killed
Linum marginale,resprouts
Linum marginale,resprouts
Linum marginale,partial_resprouting
Linum marginale,fire_killed
Lissanthe strigosa,resprouts
Lissanthe strigosa,resprouts
Lobelia anceps,fire_killed
Lobelia anceps,resprouts
Lobelia anceps,partial_resprouting
Lobelia anceps,fire_killed
Lobelia anceps,fire_killed
Lobelia anceps,fire_killed
Lobelia purpurascens,resprouts
Lobelia purpurascens,resprouts
Lobelia purpurascens,resprouts
Lobelia purpurascens,resprouts
Lomandra filiformis,resprouts
Lomandra filiformis,resprouts
Lomandra filiformis,resprouts
Lomandra filiformis,resprouts
Lomandra longifolia,resprouts
Lomandra longifolia,resprouts
Lomandra longifolia,resprouts
Lomandra longifolia,resprouts
Lomandra longifolia,resprouts
Lomandra longifolia,resprouts
Lomandra longifolia,resprouts
Lomandra longifolia,resprouts
Lomandra longifolia,resprouts
Lomandra multiflora,resprouts
Lomandra multiflora,resprouts
Lomandra multiflora,resprouts
Lythrum hyssopifolia,fire_killed
Lythrum hyssopifolia,fire_killed
Lythrum hyssopifolia,fire_killed
Macrozamia spiralis,resprouts
Macrozamia spiralis,resprouts
Macrozamia spiralis,resprouts
Melaleuca decora,resprouts
Melaleuca diosmatifolia,resprouts
Melaleuca linariifolia,resprouts
Melaleuca linariifolia,resprouts
Melaleuca linariifolia,resprouts
Melaleuca linariifolia,fire_killed resprouts
Melaleuca linariifolia,resprouts
Melaleuca nodosa,resprouts
Melaleuca nodosa,resprouts
Melaleuca nodosa,resprouts
Melaleuca nodosa,resprouts
Melaleuca styphelioides,resprouts
Melaleuca styphelioides,resprouts
Melaleuca styphelioides,resprouts
Melaleuca thymifolia,resprouts
Melaleuca thymifolia,resprouts
Melaleuca thymifolia,resprouts
Mentha diemenica,resprouts
Mentha diemenica,resprouts
Mentha diemenica,resprouts
Mentha diemenica,resprouts
Microlaena stipoides,resprouts
Microlaena stipoides,resprouts
Microlaena stipoides,resprouts
Microlaena stipoides,resprouts
Microlaena stipoides,resprouts
Microlaena stipoides,resprouts
Microlaena stipoides,resprouts
Microlaena stipoides,resprouts
Muellerina eucalyptoides,fire_killed
Muellerina eucalyptoides,resprouts
Muellerina eucalyptoides,fire_killed
Myoporum boninense,fire_killed
Myrsine variabilis,resprouts
Myrsine variabilis,resprouts
Myrsine variabilis,resprouts
Myrsine variabilis,resprouts
Myrsine variabilis,resprouts
Myrsine variabilis,resprouts
Myrsine variabilis,resprouts
Notelaea longifolia,resprouts
Notelaea longifolia,resprouts
Notelaea longifolia,resprouts
Notelaea longifolia,resprouts
Notelaea ovata,resprouts
Notelaea ovata,resprouts
Olearia microphylla,resprouts
Olearia microphylla,fire_killed
Olearia microphylla,partial_resprouting
Olearia microphylla,fire_killed
Olearia viscidula,resprouts
Olearia viscidula,resprouts
Olearia viscidula,fire_killed
Opercularia diphylla,partial_resprouting
Opercularia diphylla,fire_killed
Opercularia varia,fire_killed
Opercularia varia,fire_killed
Opercularia varia,resprouts
Opercularia varia,resprouts
Opercularia varia,partial_resprouting
Opercularia varia,resprouts
Oplismenus hirtellus,fire_killed
Oplismenus hirtellus,fire_killed
Oplismenus hirtellus,resprouts
Oplismenus hirtellus,resprouts
Oplismenus hirtellus,fire_killed
Oplismenus hirtellus,fire_killed
Oplismenus hirtellus,fire_killed
Oplismenus hirtellus,fire_killed
Oplismenus hirtellus,fire_killed
Oplismenus hirtellus,fire_killed
Oxalis perennans,resprouts
Oxalis perennans,resprouts
Oxalis perennans,fire_killed resprouts
Oxalis perennans,resprouts
Oxalis thompsoniae,fire_killed
Ozothamnus diosmifolius,resprouts
Ozothamnus diosmifolius,resprouts
Ozothamnus diosmifolius,fire_killed
Ozothamnus diosmifolius,partial_resprouting
Ozothamnus diosmifolius,fire_killed
Ozothamnus diosmifolius,fire_killed
Pandorea pandorana,fire_killed
Pandorea pandorana,resprouts
Pandorea pandorana,resprouts
Pandorea pandorana,resprouts
Pandorea pandorana,partial_resprouting
Pandorea pandorana,resprouts
Panicum simile,resprouts
Panicum simile,resprouts
Panicum simile,resprouts
Panicum simile,resprouts
Paspalidium criniforme,resprouts
Paspalidium distans,resprouts
Pelargonium inodorum,fire_killed
Pelargonium inodorum,fire_killed
Pellaea falcata,resprouts
Pellaea falcata,resprouts
Pellaea falcata,resprouts
Pellaea falcata,resprouts
Pellaea falcata,resprouts
Persicaria decipiens,resprouts
Persicaria decipiens,resprouts
Persicaria decipiens,resprouts
Persicaria lapathifolia,resprouts
Persicaria lapathifolia,fire_killed
Persicaria lapathifolia,fire_killed
Persicaria lapathifolia,fire_killed
Persoonia linearis,resprouts
Persoonia linearis,resprouts
Persoonia linearis,resprouts
Persoonia linearis,resprouts
Persoonia linearis,resprouts
Persoonia linearis,resprouts
Phragmites australis,resprouts
Phragmites australis,resprouts
Phragmites australis,resprouts
Phragmites australis,resprouts
Phragmites australis,resprouts
Phragmites australis,resprouts
Phyllanthus gunnii,resprouts
Phyllanthus gunnii,resprouts
Phyllanthus gunnii,resprouts
Phyllanthus gunnii,resprouts
Phyllanthus gunnii,fire_killed
Phyllanthus gunnii,fire_killed
Pimelea linifolia,resprouts
Pimelea linifolia,resprouts
Pimelea linifolia,fire_killed
Pimelea linifolia,fire_killed
Pimelea linifolia,fire_killed
Pimelea linifolia,partial_resprouting
Pimelea linifolia,fire_killed
Pimelea linifolia,resprouts
Pimelea linifolia,resprouts
Pittosporum multiflorum,resprouts
Pittosporum multiflorum,resprouts
Pittosporum revolutum,resprouts
Pittosporum revolutum,resprouts
Pittosporum revolutum,resprouts
Pittosporum revolutum,fire_killed resprouts
Pittosporum revolutum,fire_killed
Pittosporum undulatum,resprouts
Pittosporum undulatum,resprouts
Pittosporum undulatum,resprouts
Pittosporum undulatum,partial_resprouting
Pittosporum undulatum,partial_resprouting
Pittosporum undulatum,resprouts
Pittosporum undulatum,fire_killed
Plantago debilis,resprouts
Plantago debilis,fire_killed
Plantago debilis,resprouts
Plectranthus parviflorus,fire_killed
Plectranthus parviflorus,fire_killed
Plectranthus parviflorus,fire_killed
Plectranthus parviflorus,fire_killed
Plectranthus parviflorus,fire_killed
Poa sieberiana,resprouts
Poa sieberiana,resprouts
Polymeria calycina,resprouts
Polymeria calycina,resprouts
Polymeria calycina,resprouts
Polymeria calycina,resprouts
Polyscias sambucifolia,resprouts
Polyscias sambucifolia,resprouts
Polyscias sambucifolia,resprouts
Polyscias sambucifolia,resprouts
Polyscias sambucifolia,fire_killed resprouts
Polyscias sambucifolia,resprouts
Pomaderris ferruginea,fire_killed
Pomaderris ferruginea,fire_killed
Pomaderris ferruginea,fire_killed
Pomaderris ferruginea,fire_killed
Poranthera microphylla,fire_killed
Poranthera microphylla,fire_killed
Poranthera microphylla,fire_killed
Poranthera microphylla,fire_killed
Poranthera microphylla,fire_killed
Poranthera microphylla,fire_killed
Poranthera microphylla,partial_resprouting
Poranthera microphylla,fire_killed
Poranthera microphylla,fire_killed
Poranthera microphylla,fire_killed
Portulaca oleracea,resprouts
Portulaca oleracea,fire_killed
Pseudognaphalium luteoalbum,fire_killed
Pseudognaphalium luteoalbum,fire_killed
Pseudognaphalium luteoalbum,fire_killed
Pseudognaphalium luteoalbum,fire_killed
Pseudognaphalium luteoalbum,fire_killed
Pseudognaphalium luteoalbum,fire_killed
Pteridium esculentum,resprouts
Pteridium esculentum,resprouts
Pteridium esculentum,resprouts
Pteridium esculentum,resprouts
Pteridium esculentum,resprouts
Pteridium esculentum,fire_killed
Pteridium esculentum,resprouts
Pteridium esculentum,resprouts
Pterostylis nutans,resprouts
Pterostylis nutans,resprouts
Pterostylis nutans,resprouts
Pterostylis nutans,resprouts
Pterostylis nutans,resprouts
Pterostylis nutans,resprouts
Pultenaea villosa,fire_killed
Pultenaea villosa,fire_killed
Pultenaea villosa,fire_killed
Pultenaea villosa,fire_killed
Rubus parvifolius,resprouts
Rubus parvifolius,resprouts
Rubus parvifolius,resprouts
Rubus parvifolius,resprouts
Rubus parvifolius,resprouts
Rumex brownii,resprouts
Rumex brownii,resprouts
Rumex brownii,resprouts
Rumex brownii,resprouts
Rumex brownii,resprouts
Rumex brownii,resprouts
Rytidosperma fulvum,resprouts
Rytidosperma setaceum,resprouts
Rytidosperma setaceum,resprouts
Rytidosperma setaceum,resprouts
Rytidosperma setaceum,resprouts
Rytidosperma setaceum,resprouts
Rytidosperma setaceum,fire_killed
Rytidosperma setaceum,resprouts
Rytidosperma tenuius,resprouts
Rytidosperma tenuius,resprouts
Rytidosperma tenuius,resprouts
Sarcopetalum harveyanum,resprouts
Sarcopetalum harveyanum,resprouts
Sarcopetalum harveyanum,resprouts
Sarcopetalum harveyanum,resprouts
Sarcopetalum harveyanum,resprouts
Sarcopetalum harveyanum,resprouts
Scaevola albida,resprouts
Scaevola albida,fire_killed
Scaevola albida,fire_killed
Scaevola albida,fire_killed
Scaevola albida,fire_killed
Schoenus apogon,resprouts
Schoenus apogon,fire_killed
Schoenus apogon,fire_killed
Schoenus apogon,fire_killed resprouts
Schoenus apogon,fire_killed
Schoenus apogon,fire_killed
Senecio hispidulus,fire_killed
Senecio hispidulus,fire_killed
Senecio hispidulus,fire_killed
Senecio hispidulus,fire_killed
Senecio hispidulus,fire_killed
Senecio hispidulus,partial_resprouting
Senecio hispidulus,fire_killed
Senecio hispidulus,fire_killed
Senecio hispidulus,fire_killed
Senecio hispidulus,fire_killed
Solenogyne bellioides,resprouts
Stackhousia muricata,fire_killed
Themeda triandra,resprouts
Themeda triandra,resprouts
Themeda triandra,resprouts
Themeda triandra,resprouts
Themeda triandra,resprouts
Themeda triandra,resprouts
Themeda triandra,resprouts
Themeda triandra,resprouts
Thysanotus tuberosus,resprouts
Thysanotus tuberosus,resprouts
Triglochin striata,resprouts
Triglochin striata,resprouts
Triglochin striata,resprouts
Triglochin striata,resprouts
Triptilodiscus pygmaeus,fire_killed
Triptilodiscus pygmaeus,fire_killed
Triptilodiscus pygmaeus,fire_killed
Triptilodiscus pygmaeus,fire_killed
Typha orientalis,resprouts
Typha orientalis,resprouts
Typha orientalis,resprouts
Veronica plebeia,resprouts
Veronica plebeia,resprouts
Veronica plebeia,resprouts
Vincetoxicum barbatum,resprouts
Vincetoxicum barbatum,resprouts
Vincetoxicum barbatum,resprouts
Vittadinia cuneata,fire_killed
Vittadinia cuneata,resprouts
Vittadinia cuneata,fire_killed
Vittadinia cuneata,fire_killed
Vittadinia cuneata,fire_killed
Wahlenbergia gracilis,fire_killed
Wahlenbergia gracilis,fire_killed resprouts
Wahlenbergia gracilis,resprouts
Xanthorrhoea minor,resprouts
Zieria smithii,fire_killed
Zieria smithii,fire_killed
Zieria smithii,fire_killed
Zieria smithii,resprouts
Zieria smithii,fire_killed
Zieria smithii,partial_resprouting
Zieria smithii,fire_killed
Zieria smithii,fire_killed
Zieria smithii,fire_killed
Zieria smithii,fire_killed
Zornia dyctiocarpa,resprouts
